#001_Date,#002_Time,#003_Programnumber,#004_Status,#005_Total Time,#006_Step1,#010_Torque1,#014_Angle1,#015_Step2,#019_Torque2,#023_Angle2,#024_Step3,#028_Torque3,#032_Angle3,#033_StepNOK,#037_TorqueNOK,#041_AngleNOK,#045_FC Error,#046_FC Counter,#042_Torque Unit,#043_Angle Unit,#047_Remark
10.04.2025,00:36:51,5,0,1.5,0,0.00,0,0,0.00,0,3,2.26,2083,0,0.00,0,0,0/0,Nm,deg,
10.04.2025,00:36:54,5,0,2.1,0,0.00,0,0,0.00,0,3,2.26,2124,0,0.00,0,0,0/0,Nm,deg,
10.04.2025,00:36:57,5,0,1.8,0,0.00,0,0,0.00,0,3,2.23,1935,0,0.00,0,0,0/0,Nm,deg,
10.04.2025,00:37:01,5,0,1.4,0,0.00,0,0,0.00,0,3,2.27,2139,0,0.00,0,0,0/0,Nm,deg,
10.04.2025,00:37:04,5,0,1.5,0,0.00,0,0,0.00,0,3,2.19,1862,0,0.00,0,0,0/0,Nm,deg,
10.04.2025,00:37:08,5,0,2.2,0,0.00,0,0,0.00,0,3,2.20,3905,0,0.00,0,0,0/0,Nm,deg,
10.04.2025,00:37:12,5,0,1.2,0,0.00,0,0,0.00,0,3,2.25,1705,0,0.00,0,0,0/0,Nm,deg,
10.04.2025,00:37:14,5,0,1.7,0,0.00,0,0,0.00,0,3,2.17,2640,0,0.00,0,0,0/0,Nm,deg,
10.04.2025,00:39:24,5,0,1.9,0,0.00,0,0,0.00,0,3,2.19,2141,0,0.00,0,0,0/0,Nm,deg,
10.04.2025,00:39:28,5,0,2.0,0,0.00,0,0,0.00,0,3,2.23,2026,0,0.00,0,0,0/0,Nm,deg,
10.04.2025,00:39:31,5,0,1.8,0,0.00,0,0,0.00,0,3,2.18,2205,0,0.00,0,0,0/0,Nm,deg,
10.04.2025,00:39:35,5,0,1.5,0,0.00,0,0,0.00,0,3,2.20,2063,0,0.00,0,0,0/0,Nm,deg,
10.04.2025,00:39:39,5,0,1.3,0,0.00,0,0,0.00,0,3,2.17,1721,0,0.00,0,0,0/0,Nm,deg,
10.04.2025,00:39:43,5,0,2.2,0,0.00,0,0,0.00,0,3,2.20,3656,0,0.00,0,0,0/0,Nm,deg,
10.04.2025,00:39:46,5,0,1.5,0,0.00,0,0,0.00,0,3,2.24,2137,0,0.00,0,0,0/0,Nm,deg,
10.04.2025,00:39:49,5,0,1.7,0,0.00,0,0,0.00,0,3,2.20,2757,0,0.00,0,0,0/0,Nm,deg,
10.04.2025,00:41:40,1,0,0.5,0,0.00,0,0,0.00,0,3,4.25,101,0,0.00,0,0,0/0,Nm,deg,
10.04.2025,00:41:59,7,0,1.4,0,0.00,0,0,0.00,0,3,0.00,4000,0,0.00,0,0,0/0,Nm,deg,
10.04.2025,00:42:02,1,0,3.0,0,0.00,0,0,0.00,0,3,4.40,4048,0,0.00,0,0,0/0,Nm,deg,
10.04.2025,00:42:59,5,0,1.4,0,0.00,0,0,0.00,0,3,2.21,1913,0,0.00,0,0,0/0,Nm,deg,
10.04.2025,00:43:01,5,0,2.2,0,0.00,0,0,0.00,0,3,2.18,2193,0,0.00,0,0,0/0,Nm,deg,
10.04.2025,00:43:05,5,0,1.9,0,0.00,0,0,0.00,0,3,2.18,2089,0,0.00,0,0,0/0,Nm,deg,
10.04.2025,00:43:08,5,0,1.4,0,0.00,0,0,0.00,0,3,2.20,2149,0,0.00,0,0,0/0,Nm,deg,
10.04.2025,00:43:11,5,0,1.4,0,0.00,0,0,0.00,0,3,2.23,2150,0,0.00,0,0,0/0,Nm,deg,
10.04.2025,00:43:14,5,0,1.9,0,0.00,0,0,0.00,0,3,2.20,3188,0,0.00,0,0,0/0,Nm,deg,
10.04.2025,00:43:18,5,0,1.4,0,0.00,0,0,0.00,0,3,2.20,2095,0,0.00,0,0,0/0,Nm,deg,
10.04.2025,00:43:21,5,0,1.8,0,0.00,0,0,0.00,0,3,2.20,2818,0,0.00,0,0,0/0,Nm,deg,
10.04.2025,00:45:30,5,0,1.4,0,0.00,0,0,0.00,0,3,2.22,1992,0,0.00,0,0,0/0,Nm,deg,
10.04.2025,00:45:32,5,0,2.2,0,0.00,0,0,0.00,0,3,2.30,2124,0,0.00,0,0,0/0,Nm,deg,
10.04.2025,00:45:35,5,0,1.7,0,0.00,0,0,0.00,0,3,2.24,1904,0,0.00,0,0,0/0,Nm,deg,
10.04.2025,00:45:38,5,0,1.4,0,0.00,0,0,0.00,0,3,2.22,2069,0,0.00,0,0,0/0,Nm,deg,
10.04.2025,00:45:41,5,0,1.6,0,0.00,0,0,0.00,0,3,2.26,2095,0,0.00,0,0,0/0,Nm,deg,
10.04.2025,00:45:45,5,0,2.1,0,0.00,0,0,0.00,0,3,2.20,3574,0,0.00,0,0,0/0,Nm,deg,
10.04.2025,00:45:48,5,0,1.6,0,0.00,0,0,0.00,0,3,2.24,2112,0,0.00,0,0,0/0,Nm,deg,
10.04.2025,00:45:50,5,0,1.7,0,0.00,0,0,0.00,0,3,2.20,2691,0,0.00,0,0,0/0,Nm,deg,
10.04.2025,00:48:29,5,0,1.8,0,0.00,0,0,0.00,0,3,2.23,2048,0,0.00,0,0,0/0,Nm,deg,
10.04.2025,00:48:31,5,0,2.5,0,0.00,0,0,0.00,0,3,2.21,2121,0,0.00,0,0,0/0,Nm,deg,
10.04.2025,00:48:35,5,0,1.5,0,0.00,0,0,0.00,0,3,2.21,2206,0,0.00,0,0,0/0,Nm,deg,
10.04.2025,00:48:38,5,0,2.2,0,0.00,0,0,0.00,0,3,2.22,1981,0,0.00,0,0,0/0,Nm,deg,
10.04.2025,00:48:41,5,0,1.8,0,0.00,0,0,0.00,0,3,2.29,1894,0,0.00,0,0,0/0,Nm,deg,
10.04.2025,00:48:45,5,0,2.0,0,0.00,0,0,0.00,0,3,2.20,3298,0,0.00,0,0,0/0,Nm,deg,
10.04.2025,00:48:48,5,0,1.3,0,0.00,0,0,0.00,0,3,2.19,1926,0,0.00,0,0,0/0,Nm,deg,
10.04.2025,00:48:50,5,0,1.8,0,0.00,0,0,0.00,0,3,2.20,2667,0,0.00,0,0,0/0,Nm,deg,
10.04.2025,00:51:21,5,0,1.5,0,0.00,0,0,0.00,0,3,2.20,2241,0,0.00,0,0,0/0,Nm,deg,
10.04.2025,00:51:23,5,0,2.1,0,0.00,0,0,0.00,0,3,2.22,2411,0,0.00,0,0,0/0,Nm,deg,
10.04.2025,00:51:26,5,0,2.1,0,0.00,0,0,0.00,0,3,2.27,2087,0,0.00,0,0,0/0,Nm,deg,
10.04.2025,00:51:30,5,0,1.3,0,0.00,0,0,0.00,0,3,2.20,1974,0,0.00,0,0,0/0,Nm,deg,
10.04.2025,00:51:32,5,0,1.6,0,0.00,0,0,0.00,0,3,2.20,1954,0,0.00,0,0,0/0,Nm,deg,
10.04.2025,00:51:36,5,0,1.9,0,0.00,0,0,0.00,0,3,2.20,3228,0,0.00,0,0,0/0,Nm,deg,
10.04.2025,00:51:40,5,0,1.3,0,0.00,0,0,0.00,0,3,2.19,1771,0,0.00,0,0,0/0,Nm,deg,
10.04.2025,00:51:42,5,0,1.8,0,0.00,0,0,0.00,0,3,2.20,2576,0,0.00,0,0,0/0,Nm,deg,
10.04.2025,00:55:18,5,0,1.5,0,0.00,0,0,0.00,0,3,2.21,2159,0,0.00,0,0,0/0,Nm,deg,
10.04.2025,00:55:21,5,5,2.2,0,0.00,0,0,0.00,0,0,0.00,0,1,2.36,2239,0,0/0,Nm,deg,
10.04.2025,00:55:25,7,0,1.4,0,0.00,0,0,0.00,0,3,0.02,4000,0,0.00,0,0,0/0,Nm,deg,
10.04.2025,00:55:28,5,0,1.8,0,0.00,0,0,0.00,0,3,2.25,2248,0,0.00,0,0,0/0,Nm,deg,
10.04.2025,00:55:31,5,0,1.8,0,0.00,0,0,0.00,0,3,2.18,1882,0,0.00,0,0,0/0,Nm,deg,
10.04.2025,00:55:34,5,0,1.5,0,0.00,0,0,0.00,0,3,2.19,1989,0,0.00,0,0,0/0,Nm,deg,
10.04.2025,00:55:37,5,0,1.4,0,0.00,0,0,0.00,0,3,2.23,1839,0,0.00,0,0,0/0,Nm,deg,
10.04.2025,00:55:40,5,0,2.1,0,0.00,0,0,0.00,0,3,2.20,3555,0,0.00,0,0,0/0,Nm,deg,
10.04.2025,00:55:44,5,0,1.3,0,0.00,0,0,0.00,0,3,2.24,1858,0,0.00,0,0,0/0,Nm,deg,
10.04.2025,00:55:46,5,0,1.8,0,0.00,0,0,0.00,0,3,2.20,2892,0,0.00,0,0,0/0,Nm,deg,
10.04.2025,01:03:45,5,0,1.9,0,0.00,0,0,0.00,0,3,2.26,2363,0,0.00,0,0,0/0,Nm,deg,
10.04.2025,01:03:48,5,0,1.9,0,0.00,0,0,0.00,0,3,2.29,2014,0,0.00,0,0,0/0,Nm,deg,
10.04.2025,01:03:50,5,0,1.8,0,0.00,0,0,0.00,0,3,2.28,1964,0,0.00,0,0,0/0,Nm,deg,
10.04.2025,01:03:53,5,0,1.8,0,0.00,0,0,0.00,0,3,2.27,1993,0,0.00,0,0,0/0,Nm,deg,
10.04.2025,01:03:56,5,0,1.4,0,0.00,0,0,0.00,0,3,2.24,2058,0,0.00,0,0,0/0,Nm,deg,
10.04.2025,01:04:00,5,0,2.0,0,0.00,0,0,0.00,0,3,2.20,3335,0,0.00,0,0,0/0,Nm,deg,
10.04.2025,01:04:04,5,0,1.2,0,0.00,0,0,0.00,0,3,2.20,1772,0,0.00,0,0,0/0,Nm,deg,
10.04.2025,01:04:06,5,0,1.6,0,0.00,0,0,0.00,0,3,2.20,2524,0,0.00,0,0,0/0,Nm,deg,
10.04.2025,01:06:07,5,0,1.8,0,0.00,0,0,0.00,0,3,2.28,1989,0,0.00,0,0,0/0,Nm,deg,
10.04.2025,01:06:10,5,0,2.4,0,0.00,0,0,0.00,0,3,2.19,2282,0,0.00,0,0,0/0,Nm,deg,
10.04.2025,01:06:14,5,0,2.0,0,0.00,0,0,0.00,0,3,2.17,2119,0,0.00,0,0,0/0,Nm,deg,
10.04.2025,01:06:17,5,0,1.4,0,0.00,0,0,0.00,0,3,2.20,2167,0,0.00,0,0,0/0,Nm,deg,
10.04.2025,01:06:19,5,0,1.8,0,0.00,0,0,0.00,0,3,2.22,1748,0,0.00,0,0,0/0,Nm,deg,
10.04.2025,01:06:23,5,0,2.2,0,0.00,0,0,0.00,0,3,2.17,3342,0,0.00,0,0,0/0,Nm,deg,
10.04.2025,01:06:27,5,0,1.3,0,0.00,0,0,0.00,0,3,2.19,1844,0,0.00,0,0,0/0,Nm,deg,
10.04.2025,01:06:29,5,0,1.6,0,0.00,0,0,0.00,0,3,2.20,2548,0,0.00,0,0,0/0,Nm,deg,
10.04.2025,01:09:21,5,0,1.5,0,0.00,0,0,0.00,0,3,2.26,2105,0,0.00,0,0,0/0,Nm,deg,
10.04.2025,01:09:23,5,0,2.0,0,0.00,0,0,0.00,0,3,2.28,1963,0,0.00,0,0,0/0,Nm,deg,
10.04.2025,01:09:26,5,0,1.8,0,0.00,0,0,0.00,0,3,2.27,2058,0,0.00,0,0,0/0,Nm,deg,
10.04.2025,01:09:29,5,0,1.4,0,0.00,0,0,0.00,0,3,2.20,1866,0,0.00,0,0,0/0,Nm,deg,
10.04.2025,01:09:32,5,0,1.7,0,0.00,0,0,0.00,0,3,2.27,2622,0,0.00,0,0,0/0,Nm,deg,
10.04.2025,01:09:36,5,0,2.0,0,0.00,0,0,0.00,0,3,2.21,3409,0,0.00,0,0,0/0,Nm,deg,
10.04.2025,01:09:39,5,0,1.2,0,0.00,0,0,0.00,0,3,2.26,1839,0,0.00,0,0,0/0,Nm,deg,
10.04.2025,01:09:41,5,0,1.5,0,0.00,0,0,0.00,0,3,2.20,2421,0,0.00,0,0,0/0,Nm,deg,
10.04.2025,01:12:39,5,0,1.6,0,0.00,0,0,0.00,0,3,2.27,2254,0,0.00,0,0,0/0,Nm,deg,
10.04.2025,01:12:41,5,0,2.4,0,0.00,0,0,0.00,0,3,2.24,2156,0,0.00,0,0,0/0,Nm,deg,
10.04.2025,01:12:45,5,0,1.8,0,0.00,0,0,0.00,0,3,2.23,1979,0,0.00,0,0,0/0,Nm,deg,
10.04.2025,01:12:48,5,0,1.5,0,0.00,0,0,0.00,0,3,2.22,2167,0,0.00,0,0,0/0,Nm,deg,
10.04.2025,01:12:51,5,0,1.8,0,0.00,0,0,0.00,0,3,2.21,2125,0,0.00,0,0,0/0,Nm,deg,
10.04.2025,01:12:55,5,0,1.8,0,0.00,0,0,0.00,0,3,2.21,3199,0,0.00,0,0,0/0,Nm,deg,
10.04.2025,01:12:58,5,0,1.2,0,0.00,0,0,0.00,0,3,2.26,1758,0,0.00,0,0,0/0,Nm,deg,
10.04.2025,01:13:00,5,0,1.6,0,0.00,0,0,0.00,0,3,2.20,2492,0,0.00,0,0,0/0,Nm,deg,
10.04.2025,01:15:38,5,0,1.4,0,0.00,0,0,0.00,0,3,2.25,1923,0,0.00,0,0,0/0,Nm,deg,
10.04.2025,01:15:40,5,0,2.0,0,0.00,0,0,0.00,0,3,2.24,1907,0,0.00,0,0,0/0,Nm,deg,
10.04.2025,01:15:43,5,0,1.8,0,0.00,0,0,0.00,0,3,2.30,1944,0,0.00,0,0,0/0,Nm,deg,
10.04.2025,01:15:46,5,0,2.1,0,0.00,0,0,0.00,0,3,2.26,2032,0,0.00,0,0,0/0,Nm,deg,
10.04.2025,01:15:49,5,0,1.6,0,0.00,0,0,0.00,0,3,2.24,2123,0,0.00,0,0,0/0,Nm,deg,
10.04.2025,01:15:54,5,0,2.0,0,0.00,0,0,0.00,0,3,2.20,3486,0,0.00,0,0,0/0,Nm,deg,
10.04.2025,01:15:57,5,0,1.5,0,0.00,0,0,0.00,0,3,2.20,2070,0,0.00,0,0,0/0,Nm,deg,
10.04.2025,01:15:59,5,0,1.8,0,0.00,0,0,0.00,0,3,2.20,2654,0,0.00,0,0,0/0,Nm,deg,
10.04.2025,01:19:14,5,0,1.6,0,0.00,0,0,0.00,0,3,2.26,2158,0,0.00,0,0,0/0,Nm,deg,
10.04.2025,01:19:17,5,0,2.3,0,0.00,0,0,0.00,0,3,2.20,1914,0,0.00,0,0,0/0,Nm,deg,
10.04.2025,01:19:20,5,0,2.0,0,0.00,0,0,0.00,0,3,2.19,2054,0,0.00,0,0,0/0,Nm,deg,
10.04.2025,01:19:23,5,0,1.9,0,0.00,0,0,0.00,0,3,2.25,1921,0,0.00,0,0,0/0,Nm,deg,
10.04.2025,01:19:26,5,0,1.4,0,0.00,0,0,0.00,0,3,2.20,2085,0,0.00,0,0,0/0,Nm,deg,
10.04.2025,01:19:30,5,0,2.0,0,0.00,0,0,0.00,0,3,2.21,3315,0,0.00,0,0,0/0,Nm,deg,
10.04.2025,01:19:33,5,0,1.4,0,0.00,0,0,0.00,0,3,2.20,2011,0,0.00,0,0,0/0,Nm,deg,
10.04.2025,01:19:36,5,0,1.5,0,0.00,0,0,0.00,0,3,2.20,2368,0,0.00,0,0,0/0,Nm,deg,
10.04.2025,01:22:44,1,0,2.5,0,0.00,0,0,0.00,0,3,4.32,2919,0,0.00,0,0,0/0,Nm,deg,
10.04.2025,01:22:48,1,0,0.5,0,0.00,0,0,0.00,0,3,4.25,47,0,0.00,0,0,0/0,Nm,deg,
10.04.2025,01:23:59,5,0,1.6,0,0.00,0,0,0.00,0,3,2.20,2124,0,0.00,0,0,0/0,Nm,deg,
10.04.2025,01:24:01,5,0,2.4,0,0.00,0,0,0.00,0,3,2.21,2235,0,0.00,0,0,0/0,Nm,deg,
10.04.2025,01:24:05,5,0,5.3,0,0.00,0,0,0.00,0,3,2.24,1686,0,0.00,0,0,0/0,Nm,deg,
10.04.2025,01:24:11,5,0,1.4,0,0.00,0,0,0.00,0,3,2.25,1908,0,0.00,0,0,0/0,Nm,deg,
10.04.2025,01:24:14,5,0,1.9,0,0.00,0,0,0.00,0,3,2.20,1906,0,0.00,0,0,0/0,Nm,deg,
10.04.2025,01:24:18,5,0,1.9,0,0.00,0,0,0.00,0,3,2.20,3204,0,0.00,0,0,0/0,Nm,deg,
10.04.2025,01:24:21,5,0,1.3,0,0.00,0,0,0.00,0,3,2.20,1912,0,0.00,0,0,0/0,Nm,deg,
10.04.2025,01:24:23,5,0,1.5,0,0.00,0,0,0.00,0,3,2.20,2348,0,0.00,0,0,0/0,Nm,deg,
10.04.2025,01:26:01,5,0,1.6,0,0.00,0,0,0.00,0,3,2.30,2319,0,0.00,0,0,0/0,Nm,deg,
10.04.2025,01:26:04,5,0,1.9,0,0.00,0,0,0.00,0,3,2.20,2004,0,0.00,0,0,0/0,Nm,deg,
10.04.2025,01:26:08,5,0,1.5,0,0.00,0,0,0.00,0,3,2.28,2081,0,0.00,0,0,0/0,Nm,deg,
10.04.2025,01:26:11,5,0,1.4,0,0.00,0,0,0.00,0,3,2.22,2016,0,0.00,0,0,0/0,Nm,deg,
10.04.2025,01:26:14,5,0,1.4,0,0.00,0,0,0.00,0,3,2.22,1929,0,0.00,0,0,0/0,Nm,deg,
10.04.2025,01:26:17,5,0,1.9,0,0.00,0,0,0.00,0,3,2.17,3249,0,0.00,0,0,0/0,Nm,deg,
10.04.2025,01:26:21,5,0,1.2,0,0.00,0,0,0.00,0,3,2.21,1795,0,0.00,0,0,0/0,Nm,deg,
10.04.2025,01:26:23,5,0,1.6,0,0.00,0,0,0.00,0,3,2.20,2458,0,0.00,0,0,0/0,Nm,deg,
10.04.2025,01:29:53,5,0,1.7,0,0.00,0,0,0.00,0,3,2.25,2394,0,0.00,0,0,0/0,Nm,deg,
10.04.2025,01:29:57,5,0,2.2,0,0.00,0,0,0.00,0,3,2.18,2131,0,0.00,0,0,0/0,Nm,deg,
10.04.2025,01:30:00,5,0,2.0,0,0.00,0,0,0.00,0,3,2.22,2203,0,0.00,0,0,0/0,Nm,deg,
10.04.2025,01:30:03,5,0,1.8,0,0.00,0,0,0.00,0,3,2.17,2347,0,0.00,0,0,0/0,Nm,deg,
10.04.2025,01:30:06,5,0,1.8,0,0.00,0,0,0.00,0,3,2.25,2219,0,0.00,0,0,0/0,Nm,deg,
10.04.2025,01:30:10,5,0,2.0,0,0.00,0,0,0.00,0,3,2.20,3397,0,0.00,0,0,0/0,Nm,deg,
10.04.2025,01:30:13,5,0,1.2,0,0.00,0,0,0.00,0,3,2.25,1665,0,0.00,0,0,0/0,Nm,deg,
10.04.2025,01:30:15,5,0,2.2,0,0.00,0,0,0.00,0,3,2.20,3886,0,0.00,0,0,0/0,Nm,deg,
10.04.2025,01:32:16,5,0,1.4,0,0.00,0,0,0.00,0,3,2.21,2108,0,0.00,0,0,0/0,Nm,deg,
10.04.2025,01:32:19,5,5,2.3,0,0.00,0,0,0.00,0,0,0.00,0,1,2.32,2053,0,0/0,Nm,deg,
10.04.2025,01:32:24,7,0,1.4,0,0.00,0,0,0.00,0,3,0.06,4000,0,0.00,0,0,0/0,Nm,deg,
10.04.2025,01:32:27,5,0,1.4,0,0.00,0,0,0.00,0,3,2.25,2157,0,0.00,0,0,0/0,Nm,deg,
10.04.2025,01:32:30,5,5,1.7,0,0.00,0,0,0.00,0,0,0.00,0,1,2.32,1838,0,0/0,Nm,deg,
10.04.2025,01:32:34,7,0,1.4,0,0.00,0,0,0.00,0,3,0.00,4000,0,0.00,0,0,0/0,Nm,deg,
10.04.2025,01:32:36,5,0,1.5,0,0.00,0,0,0.00,0,3,2.22,1885,0,0.00,0,0,0/0,Nm,deg,
10.04.2025,01:32:39,5,0,1.9,0,0.00,0,0,0.00,0,3,2.23,2196,0,0.00,0,0,0/0,Nm,deg,
10.04.2025,01:32:42,5,0,1.2,0,0.00,0,0,0.00,0,3,2.25,1885,0,0.00,0,0,0/0,Nm,deg,
10.04.2025,01:32:46,5,0,2.0,0,0.00,0,0,0.00,0,3,2.20,3381,0,0.00,0,0,0/0,Nm,deg,
10.04.2025,01:32:49,5,0,1.5,0,0.00,0,0,0.00,0,3,2.20,2184,0,0.00,0,0,0/0,Nm,deg,
10.04.2025,01:32:51,5,0,1.6,0,0.00,0,0,0.00,0,3,2.20,2499,0,0.00,0,0,0/0,Nm,deg,
10.04.2025,01:35:37,5,0,1.5,0,0.00,0,0,0.00,0,3,2.19,2204,0,0.00,0,0,0/0,Nm,deg,
10.04.2025,01:35:40,5,0,2.0,0,0.00,0,0,0.00,0,3,2.17,2073,0,0.00,0,0,0/0,Nm,deg,
10.04.2025,01:35:44,5,0,1.6,0,0.00,0,0,0.00,0,3,2.22,1994,0,0.00,0,0,0/0,Nm,deg,
10.04.2025,01:35:47,5,0,1.4,0,0.00,0,0,0.00,0,3,2.18,1996,0,0.00,0,0,0/0,Nm,deg,
10.04.2025,01:35:49,5,0,1.5,0,0.00,0,0,0.00,0,3,2.20,2112,0,0.00,0,0,0/0,Nm,deg,
10.04.2025,01:35:53,5,0,1.9,0,0.00,0,0,0.00,0,3,2.20,3206,0,0.00,0,0,0/0,Nm,deg,
10.04.2025,01:35:56,5,0,1.3,0,0.00,0,0,0.00,0,3,2.26,1832,0,0.00,0,0,0/0,Nm,deg,
10.04.2025,01:35:59,5,0,1.6,0,0.00,0,0,0.00,0,3,2.17,2381,0,0.00,0,0,0/0,Nm,deg,
10.04.2025,01:39:13,5,0,1.4,0,0.00,0,0,0.00,0,3,2.20,1938,0,0.00,0,0,0/0,Nm,deg,
10.04.2025,01:39:16,5,0,2.2,0,0.00,0,0,0.00,0,3,2.28,2049,0,0.00,0,0,0/0,Nm,deg,
10.04.2025,01:39:19,5,0,1.6,0,0.00,0,0,0.00,0,3,2.20,1974,0,0.00,0,0,0/0,Nm,deg,
10.04.2025,01:39:22,5,0,1.5,0,0.00,0,0,0.00,0,3,2.20,2087,0,0.00,0,0,0/0,Nm,deg,
10.04.2025,01:39:24,5,0,1.4,0,0.00,0,0,0.00,0,3,2.24,2066,0,0.00,0,0,0/0,Nm,deg,
10.04.2025,01:39:28,5,0,1.8,0,0.00,0,0,0.00,0,3,2.20,3034,0,0.00,0,0,0/0,Nm,deg,
10.04.2025,01:39:31,5,0,1.4,0,0.00,0,0,0.00,0,3,2.24,1836,0,0.00,0,0,0/0,Nm,deg,
10.04.2025,01:39:33,5,0,1.7,0,0.00,0,0,0.00,0,3,2.21,2695,0,0.00,0,0,0/0,Nm,deg,
10.04.2025,01:47:26,5,0,1.4,0,0.00,0,0,0.00,0,3,2.26,2155,0,0.00,0,0,0/0,Nm,deg,
10.04.2025,01:47:28,5,0,2.1,0,0.00,0,0,0.00,0,3,2.21,2097,0,0.00,0,0,0/0,Nm,deg,
10.04.2025,01:47:32,5,0,1.9,0,0.00,0,0,0.00,0,3,2.20,2204,0,0.00,0,0,0/0,Nm,deg,
10.04.2025,01:47:35,5,0,1.9,0,0.00,0,0,0.00,0,3,2.30,1985,0,0.00,0,0,0/0,Nm,deg,
10.04.2025,01:47:39,5,0,1.9,0,0.00,0,0,0.00,0,3,2.17,3102,0,0.00,0,0,0/0,Nm,deg,
10.04.2025,01:47:43,5,0,2.3,0,0.00,0,0,0.00,0,3,2.20,3995,0,0.00,0,0,0/0,Nm,deg,
10.04.2025,01:47:47,5,0,1.3,0,0.00,0,0,0.00,0,3,2.26,1931,0,0.00,0,0,0/0,Nm,deg,
10.04.2025,01:47:49,5,0,1.6,0,0.00,0,0,0.00,0,3,2.20,2420,0,0.00,0,0,0/0,Nm,deg,
10.04.2025,01:50:04,1,0,0.5,0,0.00,0,0,0.00,0,3,4.24,68,0,0.00,0,0,0/0,Nm,deg,
10.04.2025,01:50:06,7,0,1.4,0,0.00,0,0,0.00,0,3,0.01,4000,0,0.00,0,0,0/0,Nm,deg,
10.04.2025,01:50:12,1,0,8.1,0,0.00,0,0,0.00,0,3,4.27,3775,0,0.00,0,0,0/0,Nm,deg,
10.04.2025,01:51:29,5,0,1.4,0,0.00,0,0,0.00,0,3,2.19,2151,0,0.00,0,0,0/0,Nm,deg,
10.04.2025,01:51:33,5,0,2.3,0,0.00,0,0,0.00,0,3,2.20,2720,0,0.00,0,0,0/0,Nm,deg,
10.04.2025,01:51:36,5,0,1.8,0,0.00,0,0,0.00,0,3,2.24,2109,0,0.00,0,0,0/0,Nm,deg,
10.04.2025,01:51:39,5,0,1.6,0,0.00,0,0,0.00,0,3,2.27,2305,0,0.00,0,0,0/0,Nm,deg,
10.04.2025,01:51:42,5,0,1.7,0,0.00,0,0,0.00,0,3,2.21,2053,0,0.00,0,0,0/0,Nm,deg,
10.04.2025,01:51:46,5,0,1.8,0,0.00,0,0,0.00,0,3,2.20,3106,0,0.00,0,0,0/0,Nm,deg,
10.04.2025,01:51:49,5,0,1.4,0,0.00,0,0,0.00,0,3,2.24,2014,0,0.00,0,0,0/0,Nm,deg,
10.04.2025,01:51:56,5,0,1.5,0,0.00,0,0,0.00,0,3,2.21,2456,0,0.00,0,0,0/0,Nm,deg,
10.04.2025,02:33:03,5,10,0.8,0,0.00,0,0,0.00,0,0,0.00,0,1,0.04,903,0,0/0,Nm,deg,
10.04.2025,02:33:04,7,10,1.3,0,0.00,0,0,0.00,0,0,0.00,0,1,0.11,3502,0,0/0,Nm,deg,
10.04.2025,02:33:11,5,0,1.4,0,0.00,0,0,0.00,0,3,2.20,1744,0,0.00,0,0,0/0,Nm,deg,
10.04.2025,02:33:14,5,5,1.9,0,0.00,0,0,0.00,0,0,0.00,0,1,2.33,1897,0,0/0,Nm,deg,
10.04.2025,02:33:17,7,10,1.1,0,0.00,0,0,0.00,0,0,0.00,0,1,1.66,2743,0,0/0,Nm,deg,
10.04.2025,02:33:20,5,0,1.8,0,0.00,0,0,0.00,0,3,2.25,2136,0,0.00,0,0,0/0,Nm,deg,
10.04.2025,02:33:23,5,0,2.0,0,0.00,0,0,0.00,0,3,2.25,2129,0,0.00,0,0,0/0,Nm,deg,
10.04.2025,02:33:27,5,0,1.9,0,0.00,0,0,0.00,0,3,2.28,1904,0,0.00,0,0,0/0,Nm,deg,
10.04.2025,02:33:29,5,0,1.5,0,0.00,0,0,0.00,0,3,2.30,2142,0,0.00,0,0,0/0,Nm,deg,
10.04.2025,02:33:34,5,0,2.0,0,0.00,0,0,0.00,0,3,2.20,3441,0,0.00,0,0,0/0,Nm,deg,
10.04.2025,02:33:37,5,0,1.3,0,0.00,0,0,0.00,0,3,2.22,1848,0,0.00,0,0,0/0,Nm,deg,
10.04.2025,02:33:40,5,0,1.8,0,0.00,0,0,0.00,0,3,2.20,2942,0,0.00,0,0,0/0,Nm,deg,
10.04.2025,02:36:06,5,0,1.4,0,0.00,0,0,0.00,0,3,2.26,1985,0,0.00,0,0,0/0,Nm,deg,
10.04.2025,02:36:09,5,0,1.9,0,0.00,0,0,0.00,0,3,2.25,1990,0,0.00,0,0,0/0,Nm,deg,
10.04.2025,02:36:12,5,0,2.0,0,0.00,0,0,0.00,0,3,2.25,2045,0,0.00,0,0,0/0,Nm,deg,
10.04.2025,02:36:15,5,0,1.9,0,0.00,0,0,0.00,0,3,2.27,2080,0,0.00,0,0,0/0,Nm,deg,
10.04.2025,02:36:19,5,0,1.4,0,0.00,0,0,0.00,0,3,2.20,2161,0,0.00,0,0,0/0,Nm,deg,
10.04.2025,02:36:22,5,0,1.9,0,0.00,0,0,0.00,0,3,2.20,3215,0,0.00,0,0,0/0,Nm,deg,
10.04.2025,02:36:26,5,0,1.3,0,0.00,0,0,0.00,0,3,2.22,1890,0,0.00,0,0,0/0,Nm,deg,
10.04.2025,02:36:29,5,0,1.6,0,0.00,0,0,0.00,0,3,2.20,2509,0,0.00,0,0,0/0,Nm,deg,
10.04.2025,02:37:26,1,0,0.5,0,0.00,0,0,0.00,0,3,4.25,72,0,0.00,0,0,0/0,Nm,deg,
10.04.2025,02:37:28,7,0,1.4,0,0.00,0,0,0.00,0,3,0.04,4000,0,0.00,0,0,0/0,Nm,deg,
10.04.2025,02:37:50,1,0,4.1,0,0.00,0,0,0.00,0,3,4.27,3909,0,0.00,0,0,0/0,Nm,deg,
10.04.2025,02:39:18,5,0,1.8,0,0.00,0,0,0.00,0,3,2.18,2001,0,0.00,0,0,0/0,Nm,deg,
10.04.2025,02:39:21,5,0,2.3,0,0.00,0,0,0.00,0,3,2.23,2233,0,0.00,0,0,0/0,Nm,deg,
10.04.2025,02:39:25,5,0,2.0,0,0.00,0,0,0.00,0,3,2.24,2156,0,0.00,0,0,0/0,Nm,deg,
10.04.2025,02:39:29,5,0,2.0,0,0.00,0,0,0.00,0,3,2.20,1950,0,0.00,0,0,0/0,Nm,deg,
10.04.2025,02:39:32,5,0,1.5,0,0.00,0,0,0.00,0,3,2.20,2222,0,0.00,0,0,0/0,Nm,deg,
10.04.2025,02:39:36,5,0,2.0,0,0.00,0,0,0.00,0,3,2.20,3412,0,0.00,0,0,0/0,Nm,deg,
10.04.2025,02:39:39,5,0,1.6,0,0.00,0,0,0.00,0,3,2.20,2150,0,0.00,0,0,0/0,Nm,deg,
10.04.2025,02:39:42,5,0,1.6,0,0.00,0,0,0.00,0,3,2.20,2631,0,0.00,0,0,0/0,Nm,deg,
10.04.2025,02:52:16,5,0,2.3,0,0.00,0,0,0.00,0,3,2.22,2803,0,0.00,0,0,0/0,Nm,deg,
10.04.2025,02:52:21,5,0,2.4,0,0.00,0,0,0.00,0,3,2.18,2193,0,0.00,0,0,0/0,Nm,deg,
10.04.2025,02:52:25,5,0,2.2,0,0.00,0,0,0.00,0,3,2.22,2074,0,0.00,0,0,0/0,Nm,deg,
10.04.2025,02:52:28,5,0,2.5,0,0.00,0,0,0.00,0,3,2.23,2808,0,0.00,0,0,0/0,Nm,deg,
10.04.2025,02:52:31,5,0,1.7,0,0.00,0,0,0.00,0,3,2.24,2182,0,0.00,0,0,0/0,Nm,deg,
10.04.2025,02:52:35,5,0,1.9,0,0.00,0,0,0.00,0,3,2.20,3266,0,0.00,0,0,0/0,Nm,deg,
10.04.2025,02:52:39,5,5,1.4,0,0.00,0,0,0.00,0,0,0.00,0,1,2.34,2029,0,0/0,Nm,deg,
10.04.2025,02:52:42,7,0,1.4,0,0.00,0,0,0.00,0,3,0.04,4000,0,0.00,0,0,0/0,Nm,deg,
10.04.2025,02:52:45,5,0,1.5,0,0.00,0,0,0.00,0,3,2.20,2388,0,0.00,0,0,0/0,Nm,deg,
10.04.2025,02:52:47,5,0,1.4,0,0.00,0,0,0.00,0,3,2.20,2120,0,0.00,0,0,0/0,Nm,deg,
10.04.2025,02:54:10,1,0,1.8,0,0.00,0,0,0.00,0,3,4.31,2129,0,0.00,0,0,0/0,Nm,deg,
10.04.2025,02:54:21,7,10,1.3,0,0.00,0,0,0.00,0,0,0.00,0,1,2.80,3522,0,0/0,Nm,deg,
10.04.2025,02:54:26,1,0,3.0,0,0.00,0,0,0.00,0,3,4.47,3953,0,0.00,0,0,0/0,Nm,deg,
10.04.2025,02:54:36,1,0,0.4,0,0.00,0,0,0.00,0,3,4.24,46,0,0.00,0,0,0/0,Nm,deg,
10.04.2025,02:56:26,5,0,1.8,0,0.00,0,0,0.00,0,3,2.28,1990,0,0.00,0,0,0/0,Nm,deg,
10.04.2025,02:56:30,5,0,2.4,0,0.00,0,0,0.00,0,3,2.20,2148,0,0.00,0,0,0/0,Nm,deg,
10.04.2025,02:56:33,5,0,2.2,0,0.00,0,0,0.00,0,3,2.30,2176,0,0.00,0,0,0/0,Nm,deg,
10.04.2025,02:56:36,5,0,2.4,0,0.00,0,0,0.00,0,3,2.25,2118,0,0.00,0,0,0/0,Nm,deg,
10.04.2025,02:56:40,5,0,1.4,0,0.00,0,0,0.00,0,3,2.17,2127,0,0.00,0,0,0/0,Nm,deg,
10.04.2025,02:56:43,5,0,1.9,0,0.00,0,0,0.00,0,3,2.20,3221,0,0.00,0,0,0/0,Nm,deg,
10.04.2025,02:56:46,5,0,1.4,0,0.00,0,0,0.00,0,3,2.21,1982,0,0.00,0,0,0/0,Nm,deg,
10.04.2025,02:56:49,5,0,1.5,0,0.00,0,0,0.00,0,3,2.24,2417,0,0.00,0,0,0/0,Nm,deg,
10.04.2025,02:59:20,5,0,2.0,0,0.00,0,0,0.00,0,3,2.24,2388,0,0.00,0,0,0/0,Nm,deg,
10.04.2025,02:59:24,5,0,5.9,0,0.00,0,0,0.00,0,3,2.20,2350,0,0.00,0,0,0/0,Nm,deg,
10.04.2025,02:59:32,5,0,2.0,0,0.00,0,0,0.00,0,3,2.23,2174,0,0.00,0,0,0/0,Nm,deg,
10.04.2025,02:59:35,5,0,2.2,0,0.00,0,0,0.00,0,3,2.17,1942,0,0.00,0,0,0/0,Nm,deg,
10.04.2025,02:59:39,5,0,1.5,0,0.00,0,0,0.00,0,3,2.29,2051,0,0.00,0,0,0/0,Nm,deg,
10.04.2025,02:59:42,5,0,2.1,0,0.00,0,0,0.00,0,3,2.20,3452,0,0.00,0,0,0/0,Nm,deg,
10.04.2025,02:59:46,5,0,1.4,0,0.00,0,0,0.00,0,3,2.29,2148,0,0.00,0,0,0/0,Nm,deg,
10.04.2025,02:59:49,5,0,1.6,0,0.00,0,0,0.00,0,3,2.20,2563,0,0.00,0,0,0/0,Nm,deg,
10.04.2025,03:00:58,1,0,0.5,0,0.00,0,0,0.00,0,3,4.24,44,0,0.00,0,0,0/0,Nm,deg,
10.04.2025,03:01:00,7,0,1.4,0,0.00,0,0,0.00,0,3,0.00,4000,0,0.00,0,0,0/0,Nm,deg,
10.04.2025,03:01:33,1,0,2.6,0,0.00,0,0,0.00,0,3,4.24,3203,0,0.00,0,0,0/0,Nm,deg,
10.04.2025,03:01:59,7,0,1.4,0,0.00,0,0,0.00,0,3,0.00,4000,0,0.00,0,0,0/0,Nm,deg,
10.04.2025,03:02:03,1,0,2.7,0,0.00,0,0,0.00,0,3,4.30,3336,0,0.00,0,0,0/0,Nm,deg,
10.04.2025,03:02:09,7,0,1.4,0,0.00,0,0,0.00,0,3,0.02,4000,0,0.00,0,0,0/0,Nm,deg,
10.04.2025,03:02:13,1,0,3.0,0,0.00,0,0,0.00,0,3,4.40,4056,0,0.00,0,0,0/0,Nm,deg,
10.04.2025,03:03:29,5,0,1.9,0,0.00,0,0,0.00,0,3,2.22,2089,0,0.00,0,0,0/0,Nm,deg,
10.04.2025,03:03:32,5,0,2.5,0,0.00,0,0,0.00,0,3,2.30,2417,0,0.00,0,0,0/0,Nm,deg,
10.04.2025,03:03:36,5,0,2.2,0,0.00,0,0,0.00,0,3,2.25,2310,0,0.00,0,0,0/0,Nm,deg,
10.04.2025,03:03:40,5,0,2.1,0,0.00,0,0,0.00,0,3,2.24,2135,0,0.00,0,0,0/0,Nm,deg,
10.04.2025,03:03:43,5,0,1.5,0,0.00,0,0,0.00,0,3,2.20,2202,0,0.00,0,0,0/0,Nm,deg,
10.04.2025,03:03:46,5,0,1.9,0,0.00,0,0,0.00,0,3,2.20,3280,0,0.00,0,0,0/0,Nm,deg,
10.04.2025,03:03:49,5,0,1.4,0,0.00,0,0,0.00,0,3,2.25,2047,0,0.00,0,0,0/0,Nm,deg,
10.04.2025,03:03:52,5,0,1.6,0,0.00,0,0,0.00,0,3,2.20,2504,0,0.00,0,0,0/0,Nm,deg,
10.04.2025,03:08:06,1,0,1.7,0,0.00,0,0,0.00,0,3,4.28,564,0,0.00,0,0,0/0,Nm,deg,
10.04.2025,03:08:11,1,0,0.5,0,0.00,0,0,0.00,0,3,4.25,72,0,0.00,0,0,0/0,Nm,deg,
10.04.2025,03:08:32,5,0,2.0,0,0.00,0,0,0.00,0,3,2.26,2343,0,0.00,0,0,0/0,Nm,deg,
10.04.2025,03:08:35,5,0,2.3,0,0.00,0,0,0.00,0,3,2.23,2306,0,0.00,0,0,0/0,Nm,deg,
10.04.2025,03:08:39,5,0,2.0,0,0.00,0,0,0.00,0,3,2.28,2418,0,0.00,0,0,0/0,Nm,deg,
10.04.2025,03:08:42,5,0,2.3,0,0.00,0,0,0.00,0,3,2.20,2333,0,0.00,0,0,0/0,Nm,deg,
10.04.2025,03:08:45,5,0,1.4,0,0.00,0,0,0.00,0,3,2.20,2097,0,0.00,0,0,0/0,Nm,deg,
10.04.2025,03:08:49,5,0,2.1,0,0.00,0,0,0.00,0,3,2.20,3452,0,0.00,0,0,0/0,Nm,deg,
10.04.2025,03:08:52,5,0,1.4,0,0.00,0,0,0.00,0,3,2.20,2186,0,0.00,0,0,0/0,Nm,deg,
10.04.2025,03:08:55,5,0,1.5,0,0.00,0,0,0.00,0,3,2.20,2479,0,0.00,0,0,0/0,Nm,deg,
10.04.2025,03:10:30,5,0,1.8,0,0.00,0,0,0.00,0,3,2.22,1827,0,0.00,0,0,0/0,Nm,deg,
10.04.2025,03:10:33,5,0,2.5,0,0.00,0,0,0.00,0,3,2.23,2316,0,0.00,0,0,0/0,Nm,deg,
10.04.2025,03:10:36,5,0,1.9,0,0.00,0,0,0.00,0,3,2.23,2058,0,0.00,0,0,0/0,Nm,deg,
10.04.2025,03:10:40,5,0,1.8,0,0.00,0,0,0.00,0,3,2.25,1889,0,0.00,0,0,0/0,Nm,deg,
10.04.2025,03:10:43,5,0,1.4,0,0.00,0,0,0.00,0,3,2.21,2017,0,0.00,0,0,0/0,Nm,deg,
10.04.2025,03:10:46,5,0,2.1,0,0.00,0,0,0.00,0,3,2.20,3639,0,0.00,0,0,0/0,Nm,deg,
10.04.2025,03:10:50,5,0,1.4,0,0.00,0,0,0.00,0,3,2.19,2063,0,0.00,0,0,0/0,Nm,deg,
10.04.2025,03:10:53,5,0,1.7,0,0.00,0,0,0.00,0,3,2.21,2612,0,0.00,0,0,0/0,Nm,deg,
10.04.2025,03:13:17,5,0,1.8,0,0.00,0,0,0.00,0,3,2.21,2010,0,0.00,0,0,0/0,Nm,deg,
10.04.2025,03:13:20,5,0,2.1,0,0.00,0,0,0.00,0,3,2.20,2205,0,0.00,0,0,0/0,Nm,deg,
10.04.2025,03:13:23,5,0,5.3,0,0.00,0,0,0.00,0,3,2.17,1826,0,0.00,0,0,0/0,Nm,deg,
10.04.2025,03:13:32,5,5,2.1,0,0.00,0,0,0.00,0,0,0.00,0,1,2.36,2114,0,0/0,Nm,deg,
10.04.2025,03:13:37,7,0,1.4,0,0.00,0,0,0.00,0,3,0.00,4000,0,0.00,0,0,0/0,Nm,deg,
10.04.2025,03:13:40,5,0,1.7,0,0.00,0,0,0.00,0,3,2.25,2209,0,0.00,0,0,0/0,Nm,deg,
10.04.2025,03:13:44,5,0,1.4,0,0.00,0,0,0.00,0,3,2.26,2077,0,0.00,0,0,0/0,Nm,deg,
10.04.2025,03:13:48,5,0,2.1,0,0.00,0,0,0.00,0,3,2.20,3417,0,0.00,0,0,0/0,Nm,deg,
10.04.2025,03:13:51,5,0,1.2,0,0.00,0,0,0.00,0,3,2.26,1806,0,0.00,0,0,0/0,Nm,deg,
10.04.2025,03:13:53,5,0,1.6,0,0.00,0,0,0.00,0,3,2.20,2498,0,0.00,0,0,0/0,Nm,deg,
10.04.2025,03:16:51,5,0,2.2,0,0.00,0,0,0.00,0,3,2.17,2142,0,0.00,0,0,0/0,Nm,deg,
10.04.2025,03:16:55,5,0,2.3,0,0.00,0,0,0.00,0,3,2.26,2029,0,0.00,0,0,0/0,Nm,deg,
10.04.2025,03:16:59,5,0,2.2,0,0.00,0,0,0.00,0,3,2.30,2056,0,0.00,0,0,0/0,Nm,deg,
10.04.2025,03:17:03,5,0,2.2,0,0.00,0,0,0.00,0,3,2.18,2225,0,0.00,0,0,0/0,Nm,deg,
10.04.2025,03:17:06,5,0,1.5,0,0.00,0,0,0.00,0,3,2.25,2142,0,0.00,0,0,0/0,Nm,deg,
10.04.2025,03:17:10,5,0,2.0,0,0.00,0,0,0.00,0,3,2.20,3125,0,0.00,0,0,0/0,Nm,deg,
10.04.2025,03:17:13,5,0,1.4,0,0.00,0,0,0.00,0,3,2.20,2223,0,0.00,0,0,0/0,Nm,deg,
10.04.2025,03:17:18,5,0,1.8,0,0.00,0,0,0.00,0,3,2.20,2535,0,0.00,0,0,0/0,Nm,deg,
10.04.2025,03:58:51,5,0,1.6,0,0.00,0,0,0.00,0,3,2.20,2307,0,0.00,0,0,0/0,Nm,deg,
10.04.2025,03:58:54,5,5,2.2,0,0.00,0,0,0.00,0,0,0.00,0,1,2.31,2277,0,0/0,Nm,deg,
10.04.2025,03:58:57,5,2,0.4,0,0.00,0,0,0.00,0,0,0.00,0,1,2.21,53,0,0/0,Nm,deg,
10.04.2025,03:58:58,5,10,0.8,0,0.00,0,0,0.00,0,0,0.00,0,1,0.00,1050,0,0/0,Nm,deg,
10.04.2025,03:59:01,5,0,1.7,0,0.00,0,0,0.00,0,3,2.19,2018,0,0.00,0,0,0/0,Nm,deg,
10.04.2025,03:59:04,5,0,2.2,0,0.00,0,0,0.00,0,3,2.21,2250,0,0.00,0,0,0/0,Nm,deg,
10.04.2025,03:59:08,5,0,1.5,0,0.00,0,0,0.00,0,3,2.24,2242,0,0.00,0,0,0/0,Nm,deg,
10.04.2025,03:59:12,5,0,2.1,0,0.00,0,0,0.00,0,3,2.20,3590,0,0.00,0,0,0/0,Nm,deg,
10.04.2025,03:59:15,5,0,2.1,0,0.00,0,0,0.00,0,3,2.17,3511,0,0.00,0,0,0/0,Nm,deg,
10.04.2025,03:59:18,5,0,1.7,0,0.00,0,0,0.00,0,3,2.20,2670,0,0.00,0,0,0/0,Nm,deg,
10.04.2025,04:01:31,5,0,1.5,0,0.00,0,0,0.00,0,3,2.17,2266,0,0.00,0,0,0/0,Nm,deg,
10.04.2025,04:01:34,5,0,2.2,0,0.00,0,0,0.00,0,3,2.23,2173,0,0.00,0,0,0/0,Nm,deg,
10.04.2025,04:01:37,5,0,1.7,0,0.00,0,0,0.00,0,3,2.21,2172,0,0.00,0,0,0/0,Nm,deg,
10.04.2025,04:01:40,5,0,1.7,0,0.00,0,0,0.00,0,3,2.19,1951,0,0.00,0,0,0/0,Nm,deg,
10.04.2025,04:01:43,5,0,1.4,0,0.00,0,0,0.00,0,3,2.20,1990,0,0.00,0,0,0/0,Nm,deg,
10.04.2025,04:01:47,5,0,1.8,0,0.00,0,0,0.00,0,3,2.20,3125,0,0.00,0,0,0/0,Nm,deg,
10.04.2025,04:01:52,5,0,1.3,0,0.00,0,0,0.00,0,3,2.22,1911,0,0.00,0,0,0/0,Nm,deg,
10.04.2025,04:01:54,5,0,1.6,0,0.00,0,0,0.00,0,3,2.20,2584,0,0.00,0,0,0/0,Nm,deg,
10.04.2025,04:08:33,1,0,1.0,0,0.00,0,0,0.00,0,3,4.24,237,0,0.00,0,0,0/0,Nm,deg,
10.04.2025,04:09:01,5,0,1.5,0,0.00,0,0,0.00,0,3,2.20,2222,0,0.00,0,0,0/0,Nm,deg,
10.04.2025,04:09:06,5,0,2.5,0,0.00,0,0,0.00,0,3,2.21,2298,0,0.00,0,0,0/0,Nm,deg,
10.04.2025,04:09:10,5,0,2.1,0,0.00,0,0,0.00,0,3,2.23,1999,0,0.00,0,0,0/0,Nm,deg,
10.04.2025,04:09:13,5,0,1.8,0,0.00,0,0,0.00,0,3,2.27,1965,0,0.00,0,0,0/0,Nm,deg,
10.04.2025,04:09:16,5,0,1.6,0,0.00,0,0,0.00,0,3,2.23,2263,0,0.00,0,0,0/0,Nm,deg,
10.04.2025,04:09:21,5,0,2.0,0,0.00,0,0,0.00,0,3,2.20,3409,0,0.00,0,0,0/0,Nm,deg,
10.04.2025,04:09:24,5,0,1.3,0,0.00,0,0,0.00,0,3,2.20,2021,0,0.00,0,0,0/0,Nm,deg,
10.04.2025,04:09:27,5,0,1.7,0,0.00,0,0,0.00,0,3,2.18,2621,0,0.00,0,0,0/0,Nm,deg,
10.04.2025,04:12:41,1,0,0.5,0,0.00,0,0,0.00,0,3,4.24,56,0,0.00,0,0,0/0,Nm,deg,
10.04.2025,04:12:43,7,0,1.4,0,0.00,0,0,0.00,0,3,0.02,4000,0,0.00,0,0,0/0,Nm,deg,
10.04.2025,04:13:07,1,0,4.6,0,0.00,0,0,0.00,0,3,4.33,3811,0,0.00,0,0,0/0,Nm,deg,
10.04.2025,04:14:03,5,0,1.4,0,0.00,0,0,0.00,0,3,2.20,1886,0,0.00,0,0,0/0,Nm,deg,
10.04.2025,04:14:05,5,0,2.1,0,0.00,0,0,0.00,0,3,2.20,2118,0,0.00,0,0,0/0,Nm,deg,
10.04.2025,04:14:09,5,0,1.8,0,0.00,0,0,0.00,0,3,2.24,1912,0,0.00,0,0,0/0,Nm,deg,
10.04.2025,04:14:12,5,0,1.9,0,0.00,0,0,0.00,0,3,2.22,2084,0,0.00,0,0,0/0,Nm,deg,
10.04.2025,04:14:15,5,0,6.1,0,0.00,0,0,0.00,0,3,2.20,2020,0,0.00,0,0,0/0,Nm,deg,
10.04.2025,04:14:24,5,0,2.1,0,0.00,0,0,0.00,0,3,2.17,3472,0,0.00,0,0,0/0,Nm,deg,
10.04.2025,04:14:27,5,0,1.4,0,0.00,0,0,0.00,0,3,2.20,1981,0,0.00,0,0,0/0,Nm,deg,
10.04.2025,04:14:30,5,0,2.3,0,0.00,0,0,0.00,0,3,2.20,4075,0,0.00,0,0,0/0,Nm,deg,
10.04.2025,04:18:01,5,0,1.8,0,0.00,0,0,0.00,0,3,2.18,2050,0,0.00,0,0,0/0,Nm,deg,
10.04.2025,04:18:04,5,0,2.1,0,0.00,0,0,0.00,0,3,2.18,2198,0,0.00,0,0,0/0,Nm,deg,
10.04.2025,04:18:07,5,0,2.1,0,0.00,0,0,0.00,0,3,2.17,2013,0,0.00,0,0,0/0,Nm,deg,
10.04.2025,04:18:10,5,0,2.1,0,0.00,0,0,0.00,0,3,2.28,2199,0,0.00,0,0,0/0,Nm,deg,
10.04.2025,04:18:14,5,0,1.4,0,0.00,0,0,0.00,0,3,2.26,2169,0,0.00,0,0,0/0,Nm,deg,
10.04.2025,04:18:18,5,0,1.9,0,0.00,0,0,0.00,0,3,2.20,3208,0,0.00,0,0,0/0,Nm,deg,
10.04.2025,04:18:22,5,0,1.2,0,0.00,0,0,0.00,0,3,2.18,1700,0,0.00,0,0,0/0,Nm,deg,
10.04.2025,04:18:24,5,0,1.8,0,0.00,0,0,0.00,0,3,2.20,2699,0,0.00,0,0,0/0,Nm,deg,
10.04.2025,04:25:00,5,0,1.5,0,0.00,0,0,0.00,0,3,2.17,2051,0,0.00,0,0,0/0,Nm,deg,
10.04.2025,04:25:02,5,0,2.3,0,0.00,0,0,0.00,0,3,2.25,2379,0,0.00,0,0,0/0,Nm,deg,
10.04.2025,04:25:07,5,5,1.4,0,0.00,0,0,0.00,0,0,0.00,0,1,2.32,1959,0,0/0,Nm,deg,
10.04.2025,04:25:10,7,10,1.3,0,0.00,0,0,0.00,0,0,0.00,0,1,1.28,3547,0,0/0,Nm,deg,
10.04.2025,04:25:14,5,0,2.3,0,0.00,0,0,0.00,0,3,2.20,3905,0,0.00,0,0,0/0,Nm,deg,
10.04.2025,04:25:18,5,0,1.9,0,0.00,0,0,0.00,0,3,2.24,1832,0,0.00,0,0,0/0,Nm,deg,
10.04.2025,04:25:21,5,0,1.4,0,0.00,0,0,0.00,0,3,2.20,2109,0,0.00,0,0,0/0,Nm,deg,
10.04.2025,04:25:26,5,0,1.9,0,0.00,0,0,0.00,0,3,2.20,3247,0,0.00,0,0,0/0,Nm,deg,
10.04.2025,04:25:29,5,0,1.2,0,0.00,0,0,0.00,0,3,2.23,1685,0,0.00,0,0,0/0,Nm,deg,
10.04.2025,04:25:31,5,0,1.5,0,0.00,0,0,0.00,0,3,2.29,2468,0,0.00,0,0,0/0,Nm,deg,
10.04.2025,04:37:01,5,0,1.6,0,0.00,0,0,0.00,0,3,2.21,2059,0,0.00,0,0,0/0,Nm,deg,
10.04.2025,04:37:04,5,0,2.4,0,0.00,0,0,0.00,0,3,2.25,2226,0,0.00,0,0,0/0,Nm,deg,
10.04.2025,04:37:07,5,0,2.5,0,0.00,0,0,0.00,0,3,2.17,2342,0,0.00,0,0,0/0,Nm,deg,
10.04.2025,04:37:11,5,0,2.8,0,0.00,0,0,0.00,0,3,2.27,2734,0,0.00,0,0,0/0,Nm,deg,
10.04.2025,04:37:15,5,0,1.6,0,0.00,0,0,0.00,0,3,2.20,2240,0,0.00,0,0,0/0,Nm,deg,
10.04.2025,04:37:19,5,0,1.9,0,0.00,0,0,0.00,0,3,2.20,3238,0,0.00,0,0,0/0,Nm,deg,
10.04.2025,04:37:23,5,0,1.3,0,0.00,0,0,0.00,0,3,2.23,1811,0,0.00,0,0,0/0,Nm,deg,
10.04.2025,04:37:26,5,3,2.6,0,0.00,0,0,0.00,0,0,0.00,0,1,0.00,5000,0,0/0,Nm,deg,
10.04.2025,04:37:30,7,10,1.2,0,0.00,0,0,0.00,0,0,0.00,0,1,0.31,2908,0,0/0,Nm,deg,
10.04.2025,04:37:34,5,0,1.7,0,0.00,0,0,0.00,0,3,2.20,2637,0,0.00,0,0,0/0,Nm,deg,
10.04.2025,04:39:57,5,0,1.7,0,0.00,0,0,0.00,0,3,2.26,2169,0,0.00,0,0,0/0,Nm,deg,
10.04.2025,04:40:00,5,0,2.0,0,0.00,0,0,0.00,0,3,2.25,2069,0,0.00,0,0,0/0,Nm,deg,
10.04.2025,04:40:04,5,0,1.7,0,0.00,0,0,0.00,0,3,2.29,1861,0,0.00,0,0,0/0,Nm,deg,
10.04.2025,04:40:07,5,0,1.7,0,0.00,0,0,0.00,0,3,2.19,1911,0,0.00,0,0,0/0,Nm,deg,
10.04.2025,04:40:10,5,0,5.5,0,0.00,0,0,0.00,0,3,2.23,1841,0,0.00,0,0,0/0,Nm,deg,
10.04.2025,04:40:17,5,0,2.1,0,0.00,0,0,0.00,0,3,2.20,3571,0,0.00,0,0,0/0,Nm,deg,
10.04.2025,04:40:21,5,0,1.4,0,0.00,0,0,0.00,0,3,2.20,2134,0,0.00,0,0,0/0,Nm,deg,
10.04.2025,04:40:24,5,0,1.6,0,0.00,0,0,0.00,0,3,2.20,2603,0,0.00,0,0,0/0,Nm,deg,
10.04.2025,04:41:07,1,0,0.4,0,0.00,0,0,0.00,0,3,4.34,27,0,0.00,0,0,0/0,Nm,deg,
10.04.2025,04:41:09,7,0,1.4,0,0.00,0,0,0.00,0,3,0.04,4000,0,0.00,0,0,0/0,Nm,deg,
10.04.2025,04:41:27,1,0,3.0,0,0.00,0,0,0.00,0,3,4.37,3816,0,0.00,0,0,0/0,Nm,deg,
10.04.2025,04:42:50,5,0,1.8,0,0.00,0,0,0.00,0,3,2.25,2025,0,0.00,0,0,0/0,Nm,deg,
10.04.2025,04:42:55,5,0,2.3,0,0.00,0,0,0.00,0,3,2.23,2039,0,0.00,0,0,0/0,Nm,deg,
10.04.2025,04:42:59,5,0,2.2,0,0.00,0,0,0.00,0,3,2.25,2108,0,0.00,0,0,0/0,Nm,deg,
10.04.2025,04:43:04,5,0,1.9,0,0.00,0,0,0.00,0,3,2.22,2174,0,0.00,0,0,0/0,Nm,deg,
10.04.2025,04:43:07,5,3,2.6,0,0.00,0,0,0.00,0,0,0.00,0,1,0.02,5002,0,0/0,Nm,deg,
10.04.2025,04:43:12,7,10,1.0,0,0.00,0,0,0.00,0,0,0.00,0,1,0.11,2389,0,0/0,Nm,deg,
10.04.2025,04:43:15,5,0,2.6,0,0.00,0,0,0.00,0,3,2.20,4269,0,0.00,0,0,0/0,Nm,deg,
10.04.2025,04:43:21,5,0,2.2,0,0.00,0,0,0.00,0,3,2.17,3460,0,0.00,0,0,0/0,Nm,deg,
10.04.2025,04:43:26,5,0,1.7,0,0.00,0,0,0.00,0,3,2.20,2690,0,0.00,0,0,0/0,Nm,deg,
10.04.2025,04:43:30,5,0,1.9,0,0.00,0,0,0.00,0,3,2.26,3282,0,0.00,0,0,0/0,Nm,deg,
10.04.2025,04:48:31,5,0,1.8,0,0.00,0,0,0.00,0,3,2.17,2023,0,0.00,0,0,0/0,Nm,deg,
10.04.2025,04:48:34,5,5,2.8,0,0.00,0,0,0.00,0,0,0.00,0,1,2.33,2264,0,0/0,Nm,deg,
10.04.2025,04:48:41,7,10,1.4,0,0.00,0,0,0.00,0,0,0.00,0,1,1.32,3870,0,0/0,Nm,deg,
10.04.2025,04:48:45,5,0,1.7,0,0.00,0,0,0.00,0,3,2.21,2167,0,0.00,0,0,0/0,Nm,deg,
10.04.2025,04:48:48,5,0,1.7,0,0.00,0,0,0.00,0,3,2.17,1962,0,0.00,0,0,0/0,Nm,deg,
10.04.2025,04:48:52,5,0,2.6,0,0.00,0,0,0.00,0,3,2.23,2150,0,0.00,0,0,0/0,Nm,deg,
10.04.2025,04:48:55,5,0,1.4,0,0.00,0,0,0.00,0,3,2.18,2153,0,0.00,0,0,0/0,Nm,deg,
10.04.2025,04:48:59,5,0,2.1,0,0.00,0,0,0.00,0,3,2.20,3606,0,0.00,0,0,0/0,Nm,deg,
10.04.2025,04:49:02,5,0,1.3,0,0.00,0,0,0.00,0,3,2.19,1874,0,0.00,0,0,0/0,Nm,deg,
10.04.2025,04:49:04,5,0,1.8,0,0.00,0,0,0.00,0,3,2.20,2787,0,0.00,0,0,0/0,Nm,deg,
10.04.2025,04:53:16,5,0,1.6,0,0.00,0,0,0.00,0,3,2.18,2147,0,0.00,0,0,0/0,Nm,deg,
10.04.2025,04:53:18,5,5,2.0,0,0.00,0,0,0.00,0,0,0.00,0,1,2.32,2024,0,0/0,Nm,deg,
10.04.2025,04:53:23,7,10,1.5,0,0.00,0,0,0.00,0,0,0.00,0,1,1.43,3995,0,0/0,Nm,deg,
10.04.2025,04:53:26,5,0,1.6,0,0.00,0,0,0.00,0,3,2.24,1894,0,0.00,0,0,0/0,Nm,deg,
10.04.2025,04:53:28,5,0,2.1,0,0.00,0,0,0.00,0,3,2.22,2137,0,0.00,0,0,0/0,Nm,deg,
10.04.2025,04:53:32,5,0,2.1,0,0.00,0,0,0.00,0,3,2.20,2009,0,0.00,0,0,0/0,Nm,deg,
10.04.2025,04:53:35,5,0,1.8,0,0.00,0,0,0.00,0,3,2.26,1912,0,0.00,0,0,0/0,Nm,deg,
10.04.2025,04:53:39,5,0,2.1,0,0.00,0,0,0.00,0,3,2.20,3615,0,0.00,0,0,0/0,Nm,deg,
10.04.2025,04:53:43,5,0,1.5,0,0.00,0,0,0.00,0,3,2.23,2067,0,0.00,0,0,0/0,Nm,deg,
10.04.2025,04:53:45,5,0,1.9,0,0.00,0,0,0.00,0,3,2.20,2712,0,0.00,0,0,0/0,Nm,deg,
10.04.2025,05:26:29,5,0,1.9,0,0.00,0,0,0.00,0,3,2.24,2609,0,0.00,0,0,0/0,Nm,deg,
10.04.2025,05:26:32,5,0,2.2,0,0.00,0,0,0.00,0,3,2.27,2117,0,0.00,0,0,0/0,Nm,deg,
10.04.2025,05:26:36,5,0,2.0,0,0.00,0,0,0.00,0,3,2.18,2301,0,0.00,0,0,0/0,Nm,deg,
10.04.2025,05:26:40,5,0,2.8,0,0.00,0,0,0.00,0,3,2.26,3355,0,0.00,0,0,0/0,Nm,deg,
10.04.2025,05:26:45,5,0,1.6,0,0.00,0,0,0.00,0,3,2.27,2351,0,0.00,0,0,0/0,Nm,deg,
10.04.2025,05:26:50,5,0,2.0,0,0.00,0,0,0.00,0,3,2.20,3422,0,0.00,0,0,0/0,Nm,deg,
10.04.2025,05:26:55,5,0,1.5,0,0.00,0,0,0.00,0,3,2.22,2095,0,0.00,0,0,0/0,Nm,deg,
10.04.2025,05:26:57,5,0,1.9,0,0.00,0,0,0.00,0,3,2.20,3196,0,0.00,0,0,0/0,Nm,deg,
10.04.2025,05:29:56,5,0,2.1,0,0.00,0,0,0.00,0,3,2.18,2187,0,0.00,0,0,0/0,Nm,deg,
10.04.2025,05:29:59,5,0,2.1,0,0.00,0,0,0.00,0,3,2.20,2112,0,0.00,0,0,0/0,Nm,deg,
10.04.2025,05:30:03,5,0,2.2,0,0.00,0,0,0.00,0,3,2.19,2093,0,0.00,0,0,0/0,Nm,deg,
10.04.2025,05:30:08,5,0,2.5,0,0.00,0,0,0.00,0,3,2.22,2868,0,0.00,0,0,0/0,Nm,deg,
10.04.2025,05:30:13,5,0,1.4,0,0.00,0,0,0.00,0,3,2.21,2092,0,0.00,0,0,0/0,Nm,deg,
10.04.2025,05:30:17,5,0,2.2,0,0.00,0,0,0.00,0,3,2.20,3536,0,0.00,0,0,0/0,Nm,deg,
10.04.2025,05:30:21,5,0,1.4,0,0.00,0,0,0.00,0,3,2.22,1990,0,0.00,0,0,0/0,Nm,deg,
10.04.2025,05:30:23,5,0,2.7,0,0.00,0,0,0.00,0,3,2.20,4726,0,0.00,0,0,0/0,Nm,deg,
10.04.2025,05:33:20,5,0,1.6,0,0.00,0,0,0.00,0,3,2.17,2391,0,0.00,0,0,0/0,Nm,deg,
10.04.2025,05:33:24,5,0,2.1,0,0.00,0,0,0.00,0,3,2.26,2258,0,0.00,0,0,0/0,Nm,deg,
10.04.2025,05:33:29,5,0,2.2,0,0.00,0,0,0.00,0,3,2.20,3711,0,0.00,0,0,0/0,Nm,deg,
10.04.2025,05:33:33,5,0,2.1,0,0.00,0,0,0.00,0,3,2.20,3486,0,0.00,0,0,0/0,Nm,deg,
10.04.2025,05:33:37,5,0,1.9,0,0.00,0,0,0.00,0,3,2.24,3271,0,0.00,0,0,0/0,Nm,deg,
10.04.2025,05:34:35,5,2,0.4,0,0.00,0,0,0.00,0,0,0.00,0,1,2.20,35,0,0/0,Nm,deg,
10.04.2025,05:34:37,7,0,1.4,0,0.00,0,0,0.00,0,3,0.00,4000,0,0.00,0,0,0/0,Nm,deg,
10.04.2025,05:34:41,5,2,0.5,0,0.00,0,0,0.00,0,0,0.00,0,1,2.20,55,0,0/0,Nm,deg,
10.04.2025,05:34:43,7,0,1.4,0,0.00,0,0,0.00,0,3,0.05,4000,0,0.00,0,0,0/0,Nm,deg,
10.04.2025,05:34:48,5,2,0.4,0,0.00,0,0,0.00,0,0,0.00,0,1,2.20,21,0,0/0,Nm,deg,
10.04.2025,05:34:51,7,0,1.4,0,0.00,0,0,0.00,0,3,0.00,4000,0,0.00,0,0,0/0,Nm,deg,
10.04.2025,05:34:54,5,2,0.6,0,0.00,0,0,0.00,0,0,0.00,0,1,2.28,57,0,0/0,Nm,deg,
10.04.2025,05:34:56,7,0,1.4,0,0.00,0,0,0.00,0,3,0.02,4000,0,0.00,0,0,0/0,Nm,deg,
10.04.2025,05:35:00,5,2,0.4,0,0.00,0,0,0.00,0,0,0.00,0,1,2.20,23,0,0/0,Nm,deg,
10.04.2025,05:35:02,7,0,1.5,0,0.00,0,0,0.00,0,3,0.06,4000,0,0.00,0,0,0/0,Nm,deg,
10.04.2025,05:37:21,5,0,1.5,0,0.00,0,0,0.00,0,3,2.28,2168,0,0.00,0,0,0/0,Nm,deg,
10.04.2025,05:37:24,5,0,2.2,0,0.00,0,0,0.00,0,3,2.24,2211,0,0.00,0,0,0/0,Nm,deg,
10.04.2025,05:37:27,5,0,1.7,0,0.00,0,0,0.00,0,3,2.24,2229,0,0.00,0,0,0/0,Nm,deg,
10.04.2025,05:37:30,5,0,1.5,0,0.00,0,0,0.00,0,3,2.30,1916,0,0.00,0,0,0/0,Nm,deg,
10.04.2025,05:37:32,5,0,1.9,0,0.00,0,0,0.00,0,3,2.28,2186,0,0.00,0,0,0/0,Nm,deg,
10.04.2025,05:37:36,5,0,2.0,0,0.00,0,0,0.00,0,3,2.20,3400,0,0.00,0,0,0/0,Nm,deg,
10.04.2025,05:37:39,5,0,1.7,0,0.00,0,0,0.00,0,3,2.20,2595,0,0.00,0,0,0/0,Nm,deg,
10.04.2025,05:37:42,5,0,1.3,0,0.00,0,0,0.00,0,3,2.27,2071,0,0.00,0,0,0/0,Nm,deg,
10.04.2025,05:47:58,1,0,0.6,0,0.00,0,0,0.00,0,3,4.24,58,0,0.00,0,0,0/0,Nm,deg,
10.04.2025,05:48:00,1,0,0.5,0,0.00,0,0,0.00,0,3,4.24,67,0,0.00,0,0,0/0,Nm,deg,
10.04.2025,05:49:01,5,0,1.9,0,0.00,0,0,0.00,0,3,2.26,2254,0,0.00,0,0,0/0,Nm,deg,
10.04.2025,05:49:04,5,0,5.2,0,0.00,0,0,0.00,0,3,2.19,1786,0,0.00,0,0,0/0,Nm,deg,
10.04.2025,05:49:11,5,0,2.2,0,0.00,0,0,0.00,0,3,2.24,2300,0,0.00,0,0,0/0,Nm,deg,
10.04.2025,05:49:16,5,0,2.2,0,0.00,0,0,0.00,0,3,2.21,2188,0,0.00,0,0,0/0,Nm,deg,
10.04.2025,05:49:19,5,0,1.4,0,0.00,0,0,0.00,0,3,2.20,2159,0,0.00,0,0,0/0,Nm,deg,
10.04.2025,05:49:23,5,0,2.0,0,0.00,0,0,0.00,0,3,2.20,3359,0,0.00,0,0,0/0,Nm,deg,
10.04.2025,05:49:26,5,0,1.3,0,0.00,0,0,0.00,0,3,2.25,1768,0,0.00,0,0,0/0,Nm,deg,
10.04.2025,05:49:29,5,0,1.6,0,0.00,0,0,0.00,0,3,2.20,2547,0,0.00,0,0,0/0,Nm,deg,
10.04.2025,05:50:07,1,0,0.5,0,0.00,0,0,0.00,0,3,4.25,53,0,0.00,0,0,0/0,Nm,deg,
10.04.2025,05:50:08,1,0,0.5,0,0.00,0,0,0.00,0,3,4.24,10,0,0.00,0,0,0/0,Nm,deg,
10.04.2025,05:50:10,1,0,0.5,0,0.00,0,0,0.00,0,3,4.26,36,0,0.00,0,0,0/0,Nm,deg,
10.04.2025,05:50:12,1,0,0.4,0,0.00,0,0,0.00,0,3,4.24,46,0,0.00,0,0,0/0,Nm,deg,
10.04.2025,05:50:14,1,0,0.5,0,0.00,0,0,0.00,0,3,4.24,96,0,0.00,0,0,0/0,Nm,deg,
10.04.2025,05:50:15,1,0,0.4,0,0.00,0,0,0.00,0,3,4.24,48,0,0.00,0,0,0/0,Nm,deg,
10.04.2025,05:50:17,1,0,0.4,0,0.00,0,0,0.00,0,3,4.25,46,0,0.00,0,0,0/0,Nm,deg,
10.04.2025,05:50:18,1,0,0.5,0,0.00,0,0,0.00,0,3,4.25,87,0,0.00,0,0,0/0,Nm,deg,
10.04.2025,05:50:20,1,0,0.4,0,0.00,0,0,0.00,0,3,4.26,35,0,0.00,0,0,0/0,Nm,deg,
10.04.2025,05:50:22,1,0,0.4,0,0.00,0,0,0.00,0,3,4.50,28,0,0.00,0,0,0/0,Nm,deg,
10.04.2025,05:50:23,1,0,0.4,0,0.00,0,0,0.00,0,3,4.24,46,0,0.00,0,0,0/0,Nm,deg,
10.04.2025,05:50:25,1,0,0.5,0,0.00,0,0,0.00,0,3,4.25,5,0,0.00,0,0,0/0,Nm,deg,
10.04.2025,05:50:27,1,0,0.5,0,0.00,0,0,0.00,0,3,4.25,75,0,0.00,0,0,0/0,Nm,deg,
10.04.2025,05:50:28,1,0,0.5,0,0.00,0,0,0.00,0,3,4.25,76,0,0.00,0,0,0/0,Nm,deg,
10.04.2025,05:50:30,1,0,0.4,0,0.00,0,0,0.00,0,3,4.25,39,0,0.00,0,0,0/0,Nm,deg,
10.04.2025,05:50:31,1,0,0.5,0,0.00,0,0,0.00,0,3,4.24,34,0,0.00,0,0,0/0,Nm,deg,
10.04.2025,05:50:33,1,0,0.6,0,0.00,0,0,0.00,0,3,4.26,28,0,0.00,0,0,0/0,Nm,deg,
10.04.2025,05:50:34,1,0,0.4,0,0.00,0,0,0.00,0,3,4.26,42,0,0.00,0,0,0/0,Nm,deg,
10.04.2025,05:50:37,1,0,0.6,0,0.00,0,0,0.00,0,3,4.24,27,0,0.00,0,0,0/0,Nm,deg,
10.04.2025,05:50:38,1,0,0.6,0,0.00,0,0,0.00,0,3,4.26,34,0,0.00,0,0,0/0,Nm,deg,
10.04.2025,05:52:46,5,0,2.0,0,0.00,0,0,0.00,0,3,2.17,1945,0,0.00,0,0,0/0,Nm,deg,
10.04.2025,05:52:51,5,0,2.3,0,0.00,0,0,0.00,0,3,2.21,2137,0,0.00,0,0,0/0,Nm,deg,
10.04.2025,05:52:55,5,0,2.1,0,0.00,0,0,0.00,0,3,2.30,1993,0,0.00,0,0,0/0,Nm,deg,
10.04.2025,05:52:59,5,0,2.1,0,0.00,0,0,0.00,0,3,2.27,2106,0,0.00,0,0,0/0,Nm,deg,
10.04.2025,05:53:02,5,0,1.4,0,0.00,0,0,0.00,0,3,2.27,2140,0,0.00,0,0,0/0,Nm,deg,
10.04.2025,05:53:06,5,0,2.0,0,0.00,0,0,0.00,0,3,2.20,3339,0,0.00,0,0,0/0,Nm,deg,
10.04.2025,05:53:09,5,0,1.5,0,0.00,0,0,0.00,0,3,2.24,2273,0,0.00,0,0,0/0,Nm,deg,
10.04.2025,05:53:12,5,0,1.7,0,0.00,0,0,0.00,0,3,2.20,2686,0,0.00,0,0,0/0,Nm,deg,
10.04.2025,05:54:40,1,0,1.8,0,0.00,0,0,0.00,0,3,4.30,2067,0,0.00,0,0,0/0,Nm,deg,
10.04.2025,05:54:47,7,0,1.4,0,0.00,0,0,0.00,0,3,0.01,4000,0,0.00,0,0,0/0,Nm,deg,
10.04.2025,05:54:50,1,0,3.1,0,0.00,0,0,0.00,0,3,4.24,4059,0,0.00,0,0,0/0,Nm,deg,
10.04.2025,05:54:55,1,0,0.5,0,0.00,0,0,0.00,0,3,4.25,48,0,0.00,0,0,0/0,Nm,deg,
10.04.2025,05:56:03,5,0,2.1,0,0.00,0,0,0.00,0,3,2.20,2324,0,0.00,0,0,0/0,Nm,deg,
10.04.2025,05:56:06,5,0,2.6,0,0.00,0,0,0.00,0,3,2.20,2278,0,0.00,0,0,0/0,Nm,deg,
10.04.2025,05:56:10,5,0,2.2,0,0.00,0,0,0.00,0,3,2.23,2024,0,0.00,0,0,0/0,Nm,deg,
10.04.2025,05:56:14,5,0,3.3,0,0.00,0,0,0.00,0,3,2.24,3990,0,0.00,0,0,0/0,Nm,deg,
10.04.2025,05:56:19,5,0,1.6,0,0.00,0,0,0.00,0,3,2.23,2358,0,0.00,0,0,0/0,Nm,deg,
10.04.2025,05:56:22,5,0,2.0,0,0.00,0,0,0.00,0,3,2.20,3363,0,0.00,0,0,0/0,Nm,deg,
10.04.2025,05:56:25,5,0,1.6,0,0.00,0,0,0.00,0,3,2.20,2590,0,0.00,0,0,0/0,Nm,deg,
10.04.2025,05:56:28,5,0,1.4,0,0.00,0,0,0.00,0,3,2.21,2027,0,0.00,0,0,0/0,Nm,deg,
10.04.2025,05:58:51,5,0,1.8,0,0.00,0,0,0.00,0,3,2.26,2140,0,0.00,0,0,0/0,Nm,deg,
10.04.2025,05:58:54,5,5,1.9,0,0.00,0,0,0.00,0,0,0.00,0,1,2.33,2014,0,0/0,Nm,deg,
10.04.2025,05:58:57,7,0,1.4,0,0.00,0,0,0.00,0,3,0.00,4000,0,0.00,0,0,0/0,Nm,deg,
10.04.2025,05:59:00,5,3,2.6,0,0.00,0,0,0.00,0,0,0.00,0,1,0.06,5001,0,0/0,Nm,deg,
10.04.2025,05:59:05,7,10,1.0,0,0.00,0,0,0.00,0,0,0.00,0,1,0.15,2391,0,0/0,Nm,deg,
10.04.2025,05:59:08,5,0,2.6,0,0.00,0,0,0.00,0,3,2.19,3188,0,0.00,0,0,0/0,Nm,deg,
10.04.2025,05:59:13,5,0,1.9,0,0.00,0,0,0.00,0,3,2.26,2058,0,0.00,0,0,0/0,Nm,deg,
10.04.2025,05:59:16,5,0,1.4,0,0.00,0,0,0.00,0,3,2.17,1957,0,0.00,0,0,0/0,Nm,deg,
10.04.2025,05:59:20,5,0,1.9,0,0.00,0,0,0.00,0,3,2.20,3235,0,0.00,0,0,0/0,Nm,deg,
10.04.2025,05:59:23,5,0,1.3,0,0.00,0,0,0.00,0,3,2.21,1901,0,0.00,0,0,0/0,Nm,deg,
10.04.2025,05:59:26,5,0,1.6,0,0.00,0,0,0.00,0,3,2.20,2594,0,0.00,0,0,0/0,Nm,deg,
10.04.2025,05:59:29,5,0,1.9,0,0.00,0,0,0.00,0,3,2.22,2720,0,0.00,0,0,0/0,Nm,deg,
10.04.2025,06:02:58,1,0,0.4,0,0.00,0,0,0.00,0,3,4.37,22,0,0.00,0,0,0/0,Nm,deg,
10.04.2025,06:02:59,7,0,1.4,0,0.00,0,0,0.00,0,3,0.00,4000,0,0.00,0,0,0/0,Nm,deg,
10.04.2025,06:03:03,1,0,3.1,0,0.00,0,0,0.00,0,3,4.24,4016,0,0.00,0,0,0/0,Nm,deg,
10.04.2025,06:05:22,5,0,1.9,0,0.00,0,0,0.00,0,3,2.31,2258,0,0.00,0,0,0/0,Nm,deg,
10.04.2025,06:05:25,5,0,2.2,0,0.00,0,0,0.00,0,3,2.25,2168,0,0.00,0,0,0/0,Nm,deg,
10.04.2025,06:05:29,5,0,2.1,0,0.00,0,0,0.00,0,3,2.24,2224,0,0.00,0,0,0/0,Nm,deg,
10.04.2025,06:05:32,5,0,2.2,0,0.00,0,0,0.00,0,3,2.23,2081,0,0.00,0,0,0/0,Nm,deg,
10.04.2025,06:05:36,5,0,1.5,0,0.00,0,0,0.00,0,3,2.27,2200,0,0.00,0,0,0/0,Nm,deg,
10.04.2025,06:05:40,5,0,2.0,0,0.00,0,0,0.00,0,3,2.20,3446,0,0.00,0,0,0/0,Nm,deg,
10.04.2025,06:05:43,5,0,1.4,0,0.00,0,0,0.00,0,3,2.20,2139,0,0.00,0,0,0/0,Nm,deg,
10.04.2025,06:05:45,5,0,1.9,0,0.00,0,0,0.00,0,3,2.21,2800,0,0.00,0,0,0/0,Nm,deg,
10.04.2025,06:08:24,5,0,1.7,0,0.00,0,0,0.00,0,3,2.24,1919,0,0.00,0,0,0/0,Nm,deg,
10.04.2025,06:08:28,5,0,5.4,0,0.00,0,0,0.00,0,3,2.21,1991,0,0.00,0,0,0/0,Nm,deg,
10.04.2025,06:08:35,5,0,1.6,0,0.00,0,0,0.00,0,3,2.21,2009,0,0.00,0,0,0/0,Nm,deg,
10.04.2025,06:08:38,5,0,2.1,0,0.00,0,0,0.00,0,3,2.19,1876,0,0.00,0,0,0/0,Nm,deg,
10.04.2025,06:08:41,5,0,1.3,0,0.00,0,0,0.00,0,3,2.20,1832,0,0.00,0,0,0/0,Nm,deg,
10.04.2025,06:08:44,5,0,2.0,0,0.00,0,0,0.00,0,3,2.20,3403,0,0.00,0,0,0/0,Nm,deg,
10.04.2025,06:08:48,5,0,1.7,0,0.00,0,0,0.00,0,3,2.20,2763,0,0.00,0,0,0/0,Nm,deg,
10.04.2025,06:08:51,5,0,1.4,0,0.00,0,0,0.00,0,3,2.30,2044,0,0.00,0,0,0/0,Nm,deg,
10.04.2025,06:18:28,5,0,1.8,0,0.00,0,0,0.00,0,3,2.19,2041,0,0.00,0,0,0/0,Nm,deg,
10.04.2025,06:18:32,5,0,2.5,0,0.00,0,0,0.00,0,3,2.20,2057,0,0.00,0,0,0/0,Nm,deg,
10.04.2025,06:18:35,5,0,5.4,0,0.00,0,0,0.00,0,3,2.18,1955,0,0.00,0,0,0/0,Nm,deg,
10.04.2025,06:18:42,5,0,2.4,0,0.00,0,0,0.00,0,3,2.24,2117,0,0.00,0,0,0/0,Nm,deg,
10.04.2025,06:18:45,5,0,1.4,0,0.00,0,0,0.00,0,3,2.25,2049,0,0.00,0,0,0/0,Nm,deg,
10.04.2025,06:18:49,5,0,2.0,0,0.00,0,0,0.00,0,3,2.20,3442,0,0.00,0,0,0/0,Nm,deg,
10.04.2025,06:18:53,5,0,1.4,0,0.00,0,0,0.00,0,3,2.22,2056,0,0.00,0,0,0/0,Nm,deg,
10.04.2025,06:18:56,5,0,1.5,0,0.00,0,0,0.00,0,3,2.19,2389,0,0.00,0,0,0/0,Nm,deg,
10.04.2025,06:22:10,5,5,1.8,0,0.00,0,0,0.00,0,0,0.00,0,1,2.31,2146,0,0/0,Nm,deg,
10.04.2025,06:22:16,5,0,2.5,0,0.00,0,0,0.00,0,3,2.18,2120,0,0.00,0,0,0/0,Nm,deg,
10.04.2025,06:22:21,5,5,2.3,0,0.00,0,0,0.00,0,0,0.00,0,1,2.32,2024,0,0/0,Nm,deg,
10.04.2025,06:22:28,7,0,1.4,0,0.00,0,0,0.00,0,3,0.06,4000,0,0.00,0,0,0/0,Nm,deg,
10.04.2025,06:22:31,5,0,1.6,0,0.00,0,0,0.00,0,3,2.18,2200,0,0.00,0,0,0/0,Nm,deg,
10.04.2025,06:22:34,5,0,2.4,0,0.00,0,0,0.00,0,3,2.23,2152,0,0.00,0,0,0/0,Nm,deg,
10.04.2025,06:22:38,5,0,1.4,0,0.00,0,0,0.00,0,3,2.20,1926,0,0.00,0,0,0/0,Nm,deg,
10.04.2025,06:22:41,5,0,2.0,0,0.00,0,0,0.00,0,3,2.20,3496,0,0.00,0,0,0/0,Nm,deg,
10.04.2025,06:22:44,5,0,1.3,0,0.00,0,0,0.00,0,3,2.20,1920,0,0.00,0,0,0/0,Nm,deg,
10.04.2025,06:22:47,5,0,1.6,0,0.00,0,0,0.00,0,3,2.20,2563,0,0.00,0,0,0/0,Nm,deg,
10.04.2025,06:42:08,5,0,1.8,0,0.00,0,0,0.00,0,3,2.28,2256,0,0.00,0,0,0/0,Nm,deg,
10.04.2025,06:42:11,5,0,2.2,0,0.00,0,0,0.00,0,3,2.24,2212,0,0.00,0,0,0/0,Nm,deg,
10.04.2025,06:42:14,5,0,2.0,0,0.00,0,0,0.00,0,3,2.19,2192,0,0.00,0,0,0/0,Nm,deg,
10.04.2025,06:42:18,5,0,2.3,0,0.00,0,0,0.00,0,3,2.29,2071,0,0.00,0,0,0/0,Nm,deg,
10.04.2025,06:42:21,5,0,1.4,0,0.00,0,0,0.00,0,3,2.20,1877,0,0.00,0,0,0/0,Nm,deg,
10.04.2025,06:42:24,5,0,2.2,0,0.00,0,0,0.00,0,3,2.20,3603,0,0.00,0,0,0/0,Nm,deg,
10.04.2025,06:42:28,5,0,1.5,0,0.00,0,0,0.00,0,3,2.20,2060,0,0.00,0,0,0/0,Nm,deg,
10.04.2025,06:42:30,5,0,1.6,0,0.00,0,0,0.00,0,3,2.20,2435,0,0.00,0,0,0/0,Nm,deg,
10.04.2025,06:44:30,5,0,1.8,0,0.00,0,0,0.00,0,3,2.23,1999,0,0.00,0,0,0/0,Nm,deg,
10.04.2025,06:44:33,5,0,2.6,0,0.00,0,0,0.00,0,3,2.29,2287,0,0.00,0,0,0/0,Nm,deg,
10.04.2025,06:44:37,5,0,2.3,0,0.00,0,0,0.00,0,3,2.26,2245,0,0.00,0,0,0/0,Nm,deg,
10.04.2025,06:44:40,5,0,2.6,0,0.00,0,0,0.00,0,3,2.22,2118,0,0.00,0,0,0/0,Nm,deg,
10.04.2025,06:44:44,5,0,1.5,0,0.00,0,0,0.00,0,3,2.18,2118,0,0.00,0,0,0/0,Nm,deg,
10.04.2025,06:44:48,5,0,2.0,0,0.00,0,0,0.00,0,3,2.20,3406,0,0.00,0,0,0/0,Nm,deg,
10.04.2025,06:44:52,5,0,1.7,0,0.00,0,0,0.00,0,3,2.20,2612,0,0.00,0,0,0/0,Nm,deg,
10.04.2025,06:44:55,5,0,1.4,0,0.00,0,0,0.00,0,3,2.18,1987,0,0.00,0,0,0/0,Nm,deg,
10.04.2025,06:49:08,5,0,1.9,0,0.00,0,0,0.00,0,3,2.25,2188,0,0.00,0,0,0/0,Nm,deg,
10.04.2025,06:49:11,5,0,5.3,0,0.00,0,0,0.00,0,3,2.24,1996,0,0.00,0,0,0/0,Nm,deg,
10.04.2025,06:49:18,5,0,1.8,0,0.00,0,0,0.00,0,3,2.24,1964,0,0.00,0,0,0/0,Nm,deg,
10.04.2025,06:49:21,5,0,2.1,0,0.00,0,0,0.00,0,3,2.22,1852,0,0.00,0,0,0/0,Nm,deg,
10.04.2025,06:49:25,5,0,1.4,0,0.00,0,0,0.00,0,3,2.20,2081,0,0.00,0,0,0/0,Nm,deg,
10.04.2025,06:49:30,5,0,1.9,0,0.00,0,0,0.00,0,3,2.20,3179,0,0.00,0,0,0/0,Nm,deg,
10.04.2025,06:49:33,5,0,1.6,0,0.00,0,0,0.00,0,3,2.19,2307,0,0.00,0,0,0/0,Nm,deg,
10.04.2025,06:49:36,5,0,1.3,0,0.00,0,0,0.00,0,3,2.27,1919,0,0.00,0,0,0/0,Nm,deg,
10.04.2025,06:52:41,5,0,2.0,0,0.00,0,0,0.00,0,3,2.23,2212,0,0.00,0,0,0/0,Nm,deg,
10.04.2025,06:52:44,5,0,2.5,0,0.00,0,0,0.00,0,3,2.29,2125,0,0.00,0,0,0/0,Nm,deg,
10.04.2025,06:52:49,5,0,1.9,0,0.00,0,0,0.00,0,3,2.20,2066,0,0.00,0,0,0/0,Nm,deg,
10.04.2025,06:52:52,5,0,2.2,0,0.00,0,0,0.00,0,3,2.24,2501,0,0.00,0,0,0/0,Nm,deg,
10.04.2025,06:52:55,5,0,1.5,0,0.00,0,0,0.00,0,3,2.20,2099,0,0.00,0,0,0/0,Nm,deg,
10.04.2025,06:52:59,5,3,2.6,0,0.00,0,0,0.00,0,0,0.00,0,1,0.00,5001,0,0/0,Nm,deg,
10.04.2025,06:53:03,7,10,1.0,0,0.00,0,0,0.00,0,0,0.00,0,1,0.43,2349,0,0/0,Nm,deg,
10.04.2025,06:53:06,5,0,2.0,0,0.00,0,0,0.00,0,3,2.20,3307,0,0.00,0,0,0/0,Nm,deg,
10.04.2025,06:53:10,5,0,1.6,0,0.00,0,0,0.00,0,3,2.20,2443,0,0.00,0,0,0/0,Nm,deg,
10.04.2025,06:53:12,5,0,1.2,0,0.00,0,0,0.00,0,3,2.25,1734,0,0.00,0,0,0/0,Nm,deg,
10.04.2025,06:55:41,5,0,1.6,0,0.00,0,0,0.00,0,3,2.22,1896,0,0.00,0,0,0/0,Nm,deg,
10.04.2025,06:55:44,5,0,2.3,0,0.00,0,0,0.00,0,3,2.22,2169,0,0.00,0,0,0/0,Nm,deg,
10.04.2025,06:55:48,5,0,2.1,0,0.00,0,0,0.00,0,3,2.21,1932,0,0.00,0,0,0/0,Nm,deg,
10.04.2025,06:55:51,5,0,2.4,0,0.00,0,0,0.00,0,3,2.22,2258,0,0.00,0,0,0/0,Nm,deg,
10.04.2025,06:55:54,5,0,1.7,0,0.00,0,0,0.00,0,3,2.20,2255,0,0.00,0,0,0/0,Nm,deg,
10.04.2025,06:55:58,5,0,2.0,0,0.00,0,0,0.00,0,3,2.20,3316,0,0.00,0,0,0/0,Nm,deg,
10.04.2025,06:56:02,5,0,1.9,0,0.00,0,0,0.00,0,3,2.20,2635,0,0.00,0,0,0/0,Nm,deg,
10.04.2025,06:56:05,5,0,1.3,0,0.00,0,0,0.00,0,3,2.26,1731,0,0.00,0,0,0/0,Nm,deg,
10.04.2025,07:02:12,5,0,1.5,0,0.00,0,0,0.00,0,3,2.18,1895,0,0.00,0,0,0/0,Nm,deg,
10.04.2025,07:02:15,5,0,2.0,0,0.00,0,0,0.00,0,3,2.26,1987,0,0.00,0,0,0/0,Nm,deg,
10.04.2025,07:02:18,5,0,1.9,0,0.00,0,0,0.00,0,3,2.23,2027,0,0.00,0,0,0/0,Nm,deg,
10.04.2025,07:02:21,5,0,2.1,0,0.00,0,0,0.00,0,3,2.31,2117,0,0.00,0,0,0/0,Nm,deg,
10.04.2025,07:02:24,5,0,1.5,0,0.00,0,0,0.00,0,3,2.20,1974,0,0.00,0,0,0/0,Nm,deg,
10.04.2025,07:02:28,5,0,2.0,0,0.00,0,0,0.00,0,3,2.20,3378,0,0.00,0,0,0/0,Nm,deg,
10.04.2025,07:02:31,5,0,1.8,0,0.00,0,0,0.00,0,3,2.20,2782,0,0.00,0,0,0/0,Nm,deg,
10.04.2025,07:02:34,5,0,1.3,0,0.00,0,0,0.00,0,3,2.31,2034,0,0.00,0,0,0/0,Nm,deg,
10.04.2025,07:04:53,5,0,1.7,0,0.00,0,0,0.00,0,3,2.26,1900,0,0.00,0,0,0/0,Nm,deg,
10.04.2025,07:04:56,5,0,2.1,0,0.00,0,0,0.00,0,3,2.21,1945,0,0.00,0,0,0/0,Nm,deg,
10.04.2025,07:04:59,5,0,1.9,0,0.00,0,0,0.00,0,3,2.26,2016,0,0.00,0,0,0/0,Nm,deg,
10.04.2025,07:05:02,5,0,1.8,0,0.00,0,0,0.00,0,3,2.22,2072,0,0.00,0,0,0/0,Nm,deg,
10.04.2025,07:05:05,5,0,1.4,0,0.00,0,0,0.00,0,3,2.28,2132,0,0.00,0,0,0/0,Nm,deg,
10.04.2025,07:05:08,5,0,1.9,0,0.00,0,0,0.00,0,3,2.20,3213,0,0.00,0,0,0/0,Nm,deg,
10.04.2025,07:05:12,5,0,1.6,0,0.00,0,0,0.00,0,3,2.19,2474,0,0.00,0,0,0/0,Nm,deg,
10.04.2025,07:05:14,5,0,1.3,0,0.00,0,0,0.00,0,3,2.28,2084,0,0.00,0,0,0/0,Nm,deg,
10.04.2025,07:11:45,5,0,1.6,0,0.00,0,0,0.00,0,3,2.22,2093,0,0.00,0,0,0/0,Nm,deg,
10.04.2025,07:11:49,5,0,2.5,0,0.00,0,0,0.00,0,3,2.25,2034,0,0.00,0,0,0/0,Nm,deg,
10.04.2025,07:11:52,5,0,2.0,0,0.00,0,0,0.00,0,3,2.25,2179,0,0.00,0,0,0/0,Nm,deg,
10.04.2025,07:11:56,5,0,2.2,0,0.00,0,0,0.00,0,3,2.24,2214,0,0.00,0,0,0/0,Nm,deg,
10.04.2025,07:11:59,5,0,1.4,0,0.00,0,0,0.00,0,3,2.26,2106,0,0.00,0,0,0/0,Nm,deg,
10.04.2025,07:12:02,5,0,2.0,0,0.00,0,0,0.00,0,3,2.19,3383,0,0.00,0,0,0/0,Nm,deg,
10.04.2025,07:12:06,5,0,1.7,0,0.00,0,0,0.00,0,3,2.20,2554,0,0.00,0,0,0/0,Nm,deg,
10.04.2025,07:12:08,5,0,1.4,0,0.00,0,0,0.00,0,3,2.26,2121,0,0.00,0,0,0/0,Nm,deg,
10.04.2025,07:17:42,5,0,1.6,0,0.00,0,0,0.00,0,3,2.28,2123,0,0.00,0,0,0/0,Nm,deg,
10.04.2025,07:17:45,5,0,2.3,0,0.00,0,0,0.00,0,3,2.25,2239,0,0.00,0,0,0/0,Nm,deg,
10.04.2025,07:17:48,5,0,2.0,0,0.00,0,0,0.00,0,3,2.17,2288,0,0.00,0,0,0/0,Nm,deg,
10.04.2025,07:17:52,5,0,1.8,0,0.00,0,0,0.00,0,3,2.25,2115,0,0.00,0,0,0/0,Nm,deg,
10.04.2025,07:17:55,5,0,1.3,0,0.00,0,0,0.00,0,3,2.25,1797,0,0.00,0,0,0/0,Nm,deg,
10.04.2025,07:17:58,5,0,2.0,0,0.00,0,0,0.00,0,3,2.20,3332,0,0.00,0,0,0/0,Nm,deg,
10.04.2025,07:18:02,5,0,1.9,0,0.00,0,0,0.00,0,3,2.20,2835,0,0.00,0,0,0/0,Nm,deg,
10.04.2025,07:18:05,5,0,1.3,0,0.00,0,0,0.00,0,3,2.21,1914,0,0.00,0,0,0/0,Nm,deg,
10.04.2025,07:33:42,1,0,0.7,0,0.00,0,0,0.00,0,3,4.34,293,0,0.00,0,0,0/0,Nm,deg,
10.04.2025,07:33:44,7,0,1.4,0,0.00,0,0,0.00,0,3,0.01,4000,0,0.00,0,0,0/0,Nm,deg,
10.04.2025,07:33:47,1,0,3.1,0,0.00,0,0,0.00,0,3,4.31,3998,0,0.00,0,0,0/0,Nm,deg,
10.04.2025,07:33:52,1,0,0.4,0,0.00,0,0,0.00,0,3,4.24,69,0,0.00,0,0,0/0,Nm,deg,
10.04.2025,07:33:53,1,0,0.5,0,0.00,0,0,0.00,0,3,4.25,57,0,0.00,0,0,0/0,Nm,deg,
10.04.2025,07:35:23,5,5,1.7,0,0.00,0,0,0.00,0,0,0.00,0,1,2.35,2175,0,0/0,Nm,deg,
10.04.2025,07:35:28,7,10,1.0,0,0.00,0,0,0.00,0,0,0.00,0,1,1.83,2454,0,0/0,Nm,deg,
10.04.2025,07:35:30,5,0,1.4,0,0.00,0,0,0.00,0,3,2.20,2156,0,0.00,0,0,0/0,Nm,deg,
10.04.2025,07:35:34,5,0,2.3,0,0.00,0,0,0.00,0,3,2.20,1988,0,0.00,0,0,0/0,Nm,deg,
10.04.2025,07:35:37,5,0,1.8,0,0.00,0,0,0.00,0,3,2.22,2065,0,0.00,0,0,0/0,Nm,deg,
10.04.2025,07:35:40,5,0,1.9,0,0.00,0,0,0.00,0,3,2.21,1981,0,0.00,0,0,0/0,Nm,deg,
10.04.2025,07:35:43,5,0,1.5,0,0.00,0,0,0.00,0,3,2.17,2188,0,0.00,0,0,0/0,Nm,deg,
10.04.2025,07:35:47,5,0,2.1,0,0.00,0,0,0.00,0,3,2.21,3559,0,0.00,0,0,0/0,Nm,deg,
10.04.2025,07:36:10,5,0,1.6,0,0.00,0,0,0.00,0,3,2.24,2613,0,0.00,0,0,0/0,Nm,deg,
10.04.2025,07:36:12,5,0,1.3,0,0.00,0,0,0.00,0,3,2.20,1987,0,0.00,0,0,0/0,Nm,deg,
10.04.2025,07:38:14,5,0,2.2,0,0.00,0,0,0.00,0,3,2.23,1936,0,0.00,0,0,0/0,Nm,deg,
10.04.2025,07:38:17,5,0,2.2,0,0.00,0,0,0.00,0,3,2.22,2087,0,0.00,0,0,0/0,Nm,deg,
10.04.2025,07:38:21,5,0,2.1,0,0.00,0,0,0.00,0,3,2.28,2258,0,0.00,0,0,0/0,Nm,deg,
10.04.2025,07:38:24,5,0,2.0,0,0.00,0,0,0.00,0,3,2.26,2022,0,0.00,0,0,0/0,Nm,deg,
10.04.2025,07:38:27,5,0,1.4,0,0.00,0,0,0.00,0,3,2.18,1871,0,0.00,0,0,0/0,Nm,deg,
10.04.2025,07:38:30,5,0,2.0,0,0.00,0,0,0.00,0,3,2.20,3464,0,0.00,0,0,0/0,Nm,deg,
10.04.2025,07:38:33,5,0,1.2,0,0.00,0,0,0.00,0,3,2.21,1804,0,0.00,0,0,0/0,Nm,deg,
10.04.2025,07:38:35,5,0,1.6,0,0.00,0,0,0.00,0,3,2.20,2408,0,0.00,0,0,0/0,Nm,deg,
10.04.2025,07:40:41,5,0,1.6,0,0.00,0,0,0.00,0,3,2.17,2035,0,0.00,0,0,0/0,Nm,deg,
10.04.2025,07:40:44,5,0,2.3,0,0.00,0,0,0.00,0,3,2.28,2171,0,0.00,0,0,0/0,Nm,deg,
10.04.2025,07:40:47,5,0,1.7,0,0.00,0,0,0.00,0,3,2.19,2123,0,0.00,0,0,0/0,Nm,deg,
10.04.2025,07:40:50,5,0,1.8,0,0.00,0,0,0.00,0,3,2.23,1977,0,0.00,0,0,0/0,Nm,deg,
10.04.2025,07:40:53,5,0,1.4,0,0.00,0,0,0.00,0,3,2.20,2149,0,0.00,0,0,0/0,Nm,deg,
10.04.2025,07:40:57,5,0,2.0,0,0.00,0,0,0.00,0,3,2.20,3334,0,0.00,0,0,0/0,Nm,deg,
10.04.2025,07:41:00,5,0,1.6,0,0.00,0,0,0.00,0,3,2.20,2444,0,0.00,0,0,0/0,Nm,deg,
10.04.2025,07:41:03,5,0,1.5,0,0.00,0,0,0.00,0,3,2.27,2250,0,0.00,0,0,0/0,Nm,deg,
10.04.2025,07:52:54,5,0,2.2,0,0.00,0,0,0.00,0,3,2.21,2335,0,0.00,0,0,0/0,Nm,deg,
10.04.2025,07:52:58,5,0,5.3,0,0.00,0,0,0.00,0,3,2.21,2319,0,0.00,0,0,0/0,Nm,deg,
10.04.2025,07:53:05,5,0,2.0,0,0.00,0,0,0.00,0,3,2.19,1960,0,0.00,0,0,0/0,Nm,deg,
10.04.2025,07:53:08,5,0,5.6,0,0.00,0,0,0.00,0,3,2.19,2068,0,0.00,0,0,0/0,Nm,deg,
10.04.2025,07:53:15,5,0,6.2,0,0.00,0,0,0.00,0,3,2.24,2201,0,0.00,0,0,0/0,Nm,deg,
10.04.2025,07:53:24,5,0,2.2,0,0.00,0,0,0.00,0,3,2.20,3663,0,0.00,0,0,0/0,Nm,deg,
10.04.2025,07:53:30,5,0,2.6,0,0.00,0,0,0.00,0,3,2.20,4713,0,0.00,0,0,0/0,Nm,deg,
10.04.2025,07:53:34,5,0,1.4,0,0.00,0,0,0.00,0,3,2.22,2068,0,0.00,0,0,0/0,Nm,deg,
10.04.2025,08:56:45,5,5,1.6,0,0.00,0,0,0.00,0,0,0.00,0,1,2.34,2116,0,0/0,Nm,deg,
10.04.2025,08:56:49,7,10,1.3,0,0.00,0,0,0.00,0,0,0.00,0,1,1.33,3235,0,0/0,Nm,deg,
10.04.2025,08:56:52,5,0,1.5,0,0.00,0,0,0.00,0,3,2.26,2244,0,0.00,0,0,0/0,Nm,deg,
10.04.2025,08:56:54,5,0,2.2,0,0.00,0,0,0.00,0,3,2.23,2306,0,0.00,0,0,0/0,Nm,deg,
10.04.2025,08:56:58,5,0,2.1,0,0.00,0,0,0.00,0,3,2.27,1979,0,0.00,0,0,0/0,Nm,deg,
10.04.2025,08:57:01,5,0,2.1,0,0.00,0,0,0.00,0,3,2.22,2137,0,0.00,0,0,0/0,Nm,deg,
10.04.2025,08:57:07,5,0,6.8,0,0.00,0,0,0.00,0,3,2.28,2258,0,0.00,0,0,0/0,Nm,deg,
10.04.2025,08:57:16,5,0,1.9,0,0.00,0,0,0.00,0,3,2.20,3255,0,0.00,0,0,0/0,Nm,deg,
10.04.2025,08:57:19,5,5,1.3,0,0.00,0,0,0.00,0,0,0.00,0,1,2.32,1952,0,0/0,Nm,deg,
10.04.2025,08:57:22,7,0,1.4,0,0.00,0,0,0.00,0,3,0.00,4000,0,0.00,0,0,0/0,Nm,deg,
10.04.2025,08:57:25,5,0,1.6,0,0.00,0,0,0.00,0,3,2.20,2551,0,0.00,0,0,0/0,Nm,deg,
10.04.2025,08:57:28,5,0,1.2,0,0.00,0,0,0.00,0,3,2.20,1541,0,0.00,0,0,0/0,Nm,deg,
10.04.2025,09:00:23,5,0,2.5,0,0.00,0,0,0.00,0,3,2.24,2873,0,0.00,0,0,0/0,Nm,deg,
10.04.2025,09:00:27,5,0,2.4,0,0.00,0,0,0.00,0,3,2.20,2218,0,0.00,0,0,0/0,Nm,deg,
10.04.2025,09:00:31,5,0,2.3,0,0.00,0,0,0.00,0,3,2.25,2240,0,0.00,0,0,0/0,Nm,deg,
10.04.2025,09:00:34,5,0,2.1,0,0.00,0,0,0.00,0,3,2.17,1973,0,0.00,0,0,0/0,Nm,deg,
10.04.2025,09:00:37,5,0,1.4,0,0.00,0,0,0.00,0,3,2.28,1989,0,0.00,0,0,0/0,Nm,deg,
10.04.2025,09:00:42,5,0,1.9,0,0.00,0,0,0.00,0,3,2.20,3087,0,0.00,0,0,0/0,Nm,deg,
10.04.2025,09:00:46,5,0,1.6,0,0.00,0,0,0.00,0,3,2.20,2433,0,0.00,0,0,0/0,Nm,deg,
10.04.2025,09:00:48,5,0,1.4,0,0.00,0,0,0.00,0,3,2.25,2025,0,0.00,0,0,0/0,Nm,deg,
10.04.2025,09:08:56,5,0,1.4,0,0.00,0,0,0.00,0,3,2.31,1943,0,0.00,0,0,0/0,Nm,deg,
10.04.2025,09:08:59,5,0,2.2,0,0.00,0,0,0.00,0,3,2.19,2380,0,0.00,0,0,0/0,Nm,deg,
10.04.2025,09:09:03,5,0,1.8,0,0.00,0,0,0.00,0,3,2.30,1961,0,0.00,0,0,0/0,Nm,deg,
10.04.2025,09:09:06,5,0,1.9,0,0.00,0,0,0.00,0,3,2.19,2259,0,0.00,0,0,0/0,Nm,deg,
10.04.2025,09:09:09,5,0,1.4,0,0.00,0,0,0.00,0,3,2.21,2078,0,0.00,0,0,0/0,Nm,deg,
10.04.2025,09:09:13,5,0,1.9,0,0.00,0,0,0.00,0,3,2.20,3268,0,0.00,0,0,0/0,Nm,deg,
10.04.2025,09:09:16,5,0,1.6,0,0.00,0,0,0.00,0,3,2.20,2551,0,0.00,0,0,0/0,Nm,deg,
10.04.2025,09:09:19,5,0,1.5,0,0.00,0,0,0.00,0,3,2.25,1980,0,0.00,0,0,0/0,Nm,deg,
10.04.2025,09:26:54,1,0,0.5,0,0.00,0,0,0.00,0,3,4.24,53,0,0.00,0,0,0/0,Nm,deg,
10.04.2025,09:26:56,7,0,1.4,0,0.00,0,0,0.00,0,3,0.05,4000,0,0.00,0,0,0/0,Nm,deg,
10.04.2025,09:27:00,1,0,3.1,0,0.00,0,0,0.00,0,3,4.38,4050,0,0.00,0,0,0/0,Nm,deg,
10.04.2025,09:27:07,1,0,0.4,0,0.00,0,0,0.00,0,3,4.25,60,0,0.00,0,0,0/0,Nm,deg,
10.04.2025,09:27:09,7,0,1.4,0,0.00,0,0,0.00,0,3,0.00,4000,0,0.00,0,0,0/0,Nm,deg,
10.04.2025,09:27:12,1,0,3.1,0,0.00,0,0,0.00,0,3,4.24,4070,0,0.00,0,0,0/0,Nm,deg,
10.04.2025,09:27:17,1,0,0.4,0,0.00,0,0,0.00,0,3,4.25,48,0,0.00,0,0,0/0,Nm,deg,
10.04.2025,09:27:19,7,10,1.3,0,0.00,0,0,0.00,0,0,0.00,0,1,2.92,3552,0,0/0,Nm,deg,
10.04.2025,09:27:24,1,0,3.3,0,0.00,0,0,0.00,0,3,4.39,4340,0,0.00,0,0,0/0,Nm,deg,
10.04.2025,09:27:30,1,0,0.4,0,0.00,0,0,0.00,0,3,4.25,43,0,0.00,0,0,0/0,Nm,deg,
10.04.2025,09:28:35,5,0,1.8,0,0.00,0,0,0.00,0,3,2.23,2076,0,0.00,0,0,0/0,Nm,deg,
10.04.2025,09:28:38,5,0,5.3,0,0.00,0,0,0.00,0,3,2.18,2480,0,0.00,0,0,0/0,Nm,deg,
10.04.2025,09:28:45,5,0,1.7,0,0.00,0,0,0.00,0,3,2.24,2064,0,0.00,0,0,0/0,Nm,deg,
10.04.2025,09:28:48,5,0,2.1,0,0.00,0,0,0.00,0,3,2.18,2183,0,0.00,0,0,0/0,Nm,deg,
10.04.2025,09:28:51,5,0,1.7,0,0.00,0,0,0.00,0,3,2.27,2266,0,0.00,0,0,0/0,Nm,deg,
10.04.2025,09:28:56,5,0,1.9,0,0.00,0,0,0.00,0,3,2.20,3222,0,0.00,0,0,0/0,Nm,deg,
10.04.2025,09:29:00,5,0,1.5,0,0.00,0,0,0.00,0,3,2.20,2370,0,0.00,0,0,0/0,Nm,deg,
10.04.2025,09:29:03,5,0,1.3,0,0.00,0,0,0.00,0,3,2.18,1987,0,0.00,0,0,0/0,Nm,deg,
10.04.2025,09:31:38,1,0,0.6,0,0.00,0,0,0.00,0,3,4.25,44,0,0.00,0,0,0/0,Nm,deg,
10.04.2025,09:31:41,7,0,1.4,0,0.00,0,0,0.00,0,3,0.00,4000,0,0.00,0,0,0/0,Nm,deg,
10.04.2025,09:31:45,1,0,3.1,0,0.00,0,0,0.00,0,3,4.25,4074,0,0.00,0,0,0/0,Nm,deg,
10.04.2025,09:31:50,1,0,0.4,0,0.00,0,0,0.00,0,3,4.25,48,0,0.00,0,0,0/0,Nm,deg,
10.04.2025,09:31:52,7,0,1.4,0,0.00,0,0,0.00,0,3,0.03,4000,0,0.00,0,0,0/0,Nm,deg,
10.04.2025,09:31:56,1,0,3.1,0,0.00,0,0,0.00,0,3,4.41,4059,0,0.00,0,0,0/0,Nm,deg,
10.04.2025,09:32:52,5,0,1.5,0,0.00,0,0,0.00,0,3,2.20,1962,0,0.00,0,0,0/0,Nm,deg,
10.04.2025,09:32:55,5,0,3.9,0,0.00,0,0,0.00,0,3,2.20,1662,0,0.00,0,0,0/0,Nm,deg,
10.04.2025,09:33:00,5,0,2.2,0,0.00,0,0,0.00,0,3,2.18,1937,0,0.00,0,0,0/0,Nm,deg,
10.04.2025,09:33:04,5,3,3.3,0,0.00,0,0,0.00,0,0,0.00,0,1,1.27,5000,0,0/0,Nm,deg,
10.04.2025,09:33:09,7,10,1.2,0,0.00,0,0,0.00,0,0,0.00,0,1,0.14,2957,0,0/0,Nm,deg,
10.04.2025,09:33:12,5,0,1.4,0,0.00,0,0,0.00,0,3,2.28,1865,0,0.00,0,0,0/0,Nm,deg,
10.04.2025,09:33:15,5,0,2.0,0,0.00,0,0,0.00,0,3,2.20,3462,0,0.00,0,0,0/0,Nm,deg,
10.04.2025,09:33:19,5,0,1.7,0,0.00,0,0,0.00,0,3,2.17,2620,0,0.00,0,0,0/0,Nm,deg,
10.04.2025,09:33:22,5,0,1.4,0,0.00,0,0,0.00,0,3,2.20,2181,0,0.00,0,0,0/0,Nm,deg,
10.04.2025,09:33:25,5,0,2.6,0,0.00,0,0,0.00,0,3,2.20,4404,0,0.00,0,0,0/0,Nm,deg,
10.04.2025,09:34:08,1,0,0.5,0,0.00,0,0,0.00,0,3,4.24,58,0,0.00,0,0,0/0,Nm,deg,
10.04.2025,09:34:10,7,0,1.4,0,0.00,0,0,0.00,0,3,0.00,4000,0,0.00,0,0,0/0,Nm,deg,
10.04.2025,09:34:14,1,0,3.0,0,0.00,0,0,0.00,0,3,4.24,4038,0,0.00,0,0,0/0,Nm,deg,
10.04.2025,09:35:14,5,0,1.6,0,0.00,0,0,0.00,0,3,2.25,2058,0,0.00,0,0,0/0,Nm,deg,
10.04.2025,09:35:17,5,0,2.2,0,0.00,0,0,0.00,0,3,2.18,2232,0,0.00,0,0,0/0,Nm,deg,
10.04.2025,09:35:21,5,0,1.9,0,0.00,0,0,0.00,0,3,2.21,2022,0,0.00,0,0,0/0,Nm,deg,
10.04.2025,09:35:24,5,0,1.8,0,0.00,0,0,0.00,0,3,2.30,2128,0,0.00,0,0,0/0,Nm,deg,
10.04.2025,09:35:27,5,0,1.4,0,0.00,0,0,0.00,0,3,2.23,2084,0,0.00,0,0,0/0,Nm,deg,
10.04.2025,09:35:30,5,0,2.0,0,0.00,0,0,0.00,0,3,2.20,3477,0,0.00,0,0,0/0,Nm,deg,
10.04.2025,09:35:33,5,0,1.7,0,0.00,0,0,0.00,0,3,2.20,2576,0,0.00,0,0,0/0,Nm,deg,
10.04.2025,09:35:35,5,0,1.2,0,0.00,0,0,0.00,0,3,2.23,1836,0,0.00,0,0,0/0,Nm,deg,
10.04.2025,09:40:14,5,0,1.9,0,0.00,0,0,0.00,0,3,2.19,1935,0,0.00,0,0,0/0,Nm,deg,
10.04.2025,09:40:18,5,0,4.8,0,0.00,0,0,0.00,0,3,2.19,1791,0,0.00,0,0,0/0,Nm,deg,
10.04.2025,09:40:24,5,0,2.0,0,0.00,0,0,0.00,0,3,2.22,2172,0,0.00,0,0,0/0,Nm,deg,
10.04.2025,09:40:27,5,0,2.2,0,0.00,0,0,0.00,0,3,2.23,2109,0,0.00,0,0,0/0,Nm,deg,
10.04.2025,09:40:30,5,0,1.5,0,0.00,0,0,0.00,0,3,2.22,1861,0,0.00,0,0,0/0,Nm,deg,
10.04.2025,09:40:34,5,0,3.5,0,0.00,0,0,0.00,0,3,2.20,3681,0,0.00,0,0,0/0,Nm,deg,
10.04.2025,09:40:39,5,0,1.6,0,0.00,0,0,0.00,0,3,2.20,2348,0,0.00,0,0,0/0,Nm,deg,
10.04.2025,09:40:43,5,0,1.4,0,0.00,0,0,0.00,0,3,2.20,1901,0,0.00,0,0,0/0,Nm,deg,
10.04.2025,09:42:40,5,0,5.5,0,0.00,0,0,0.00,0,3,2.18,2427,0,0.00,0,0,0/0,Nm,deg,
10.04.2025,09:42:48,5,0,2.1,0,0.00,0,0,0.00,0,3,2.27,1996,0,0.00,0,0,0/0,Nm,deg,
10.04.2025,09:42:52,5,0,2.0,0,0.00,0,0,0.00,0,3,2.30,2319,0,0.00,0,0,0/0,Nm,deg,
10.04.2025,09:42:55,5,0,2.0,0,0.00,0,0,0.00,0,3,2.24,2075,0,0.00,0,0,0/0,Nm,deg,
10.04.2025,09:42:59,5,0,1.8,0,0.00,0,0,0.00,0,3,2.20,2647,0,0.00,0,0,0/0,Nm,deg,
10.04.2025,09:43:04,5,0,3.6,0,0.00,0,0,0.00,0,3,2.20,3868,0,0.00,0,0,0/0,Nm,deg,
10.04.2025,09:43:09,5,0,1.7,0,0.00,0,0,0.00,0,3,2.18,2704,0,0.00,0,0,0/0,Nm,deg,
10.04.2025,09:43:12,5,0,1.2,0,0.00,0,0,0.00,0,3,2.31,1785,0,0.00,0,0,0/0,Nm,deg,
10.04.2025,09:46:29,1,0,0.7,0,0.00,0,0,0.00,0,3,4.32,443,0,0.00,0,0,0/0,Nm,deg,
10.04.2025,09:46:32,7,0,1.4,0,0.00,0,0,0.00,0,3,0.05,4000,0,0.00,0,0,0/0,Nm,deg,
10.04.2025,09:46:35,1,0,3.1,0,0.00,0,0,0.00,0,3,4.25,4036,0,0.00,0,0,0/0,Nm,deg,
10.04.2025,09:46:39,1,0,0.4,0,0.00,0,0,0.00,0,3,4.25,51,0,0.00,0,0,0/0,Nm,deg,
10.04.2025,09:46:40,1,0,0.5,0,0.00,0,0,0.00,0,3,4.24,46,0,0.00,0,0,0/0,Nm,deg,
10.04.2025,09:47:41,5,0,2.0,0,0.00,0,0,0.00,0,3,2.21,2413,0,0.00,0,0,0/0,Nm,deg,
10.04.2025,09:47:45,5,0,2.7,0,0.00,0,0,0.00,0,3,2.17,2286,0,0.00,0,0,0/0,Nm,deg,
10.04.2025,09:47:48,5,5,2.3,0,0.00,0,0,0.00,0,0,0.00,0,1,2.31,2197,0,0/0,Nm,deg,
10.04.2025,09:47:53,5,0,2.4,0,0.00,0,0,0.00,0,3,2.20,2188,0,0.00,0,0,0/0,Nm,deg,
10.04.2025,09:47:58,5,0,1.6,0,0.00,0,0,0.00,0,3,2.24,2147,0,0.00,0,0,0/0,Nm,deg,
10.04.2025,09:48:05,5,0,1.9,0,0.00,0,0,0.00,0,3,2.20,3017,0,0.00,0,0,0/0,Nm,deg,
10.04.2025,09:48:08,5,0,1.3,0,0.00,0,0,0.00,0,3,2.24,1927,0,0.00,0,0,0/0,Nm,deg,
10.04.2025,09:48:10,5,0,1.6,0,0.00,0,0,0.00,0,3,2.20,2535,0,0.00,0,0,0/0,Nm,deg,
10.04.2025,09:51:06,1,0,0.4,0,0.00,0,0,0.00,0,3,4.25,50,0,0.00,0,0,0/0,Nm,deg,
10.04.2025,09:51:08,7,0,1.4,0,0.00,0,0,0.00,0,3,0.00,4000,0,0.00,0,0,0/0,Nm,deg,
10.04.2025,09:51:36,1,0,4.2,0,0.00,0,0,0.00,0,3,4.24,3823,0,0.00,0,0,0/0,Nm,deg,
10.04.2025,09:53:20,5,0,2.3,0,0.00,0,0,0.00,0,3,2.21,2623,0,0.00,0,0,0/0,Nm,deg,
10.04.2025,09:53:25,5,0,3.1,0,0.00,0,0,0.00,0,3,2.23,2916,0,0.00,0,0,0/0,Nm,deg,
10.04.2025,09:53:29,5,0,2.2,0,0.00,0,0,0.00,0,3,2.25,2355,0,0.00,0,0,0/0,Nm,deg,
10.04.2025,09:53:33,5,0,2.2,0,0.00,0,0,0.00,0,3,2.29,2045,0,0.00,0,0,0/0,Nm,deg,
10.04.2025,09:53:37,5,0,1.5,0,0.00,0,0,0.00,0,3,2.21,2133,0,0.00,0,0,0/0,Nm,deg,
10.04.2025,09:53:41,5,0,1.9,0,0.00,0,0,0.00,0,3,2.20,3282,0,0.00,0,0,0/0,Nm,deg,
10.04.2025,09:53:44,5,0,1.6,0,0.00,0,0,0.00,0,3,2.29,2658,0,0.00,0,0,0/0,Nm,deg,
10.04.2025,09:53:48,5,0,1.8,0,0.00,0,0,0.00,0,3,2.20,2862,0,0.00,0,0,0/0,Nm,deg,
10.04.2025,09:56:33,1,0,2.0,0,0.00,0,0,0.00,0,3,4.49,2512,0,0.00,0,0,0/0,Nm,deg,
10.04.2025,09:56:37,7,0,1.4,0,0.00,0,0,0.00,0,3,0.00,4000,0,0.00,0,0,0/0,Nm,deg,
10.04.2025,09:56:40,1,0,3.1,0,0.00,0,0,0.00,0,3,4.49,4038,0,0.00,0,0,0/0,Nm,deg,
10.04.2025,09:56:48,1,0,1.5,0,0.00,0,0,0.00,0,3,4.34,1739,0,0.00,0,0,0/0,Nm,deg,
10.04.2025,09:56:52,7,0,1.4,0,0.00,0,0,0.00,0,3,0.05,4000,0,0.00,0,0,0/0,Nm,deg,
10.04.2025,09:56:55,1,0,3.1,0,0.00,0,0,0.00,0,3,4.43,4038,0,0.00,0,0,0/0,Nm,deg,
10.04.2025,09:57:00,1,0,0.9,0,0.00,0,0,0.00,0,3,4.26,235,0,0.00,0,0,0/0,Nm,deg,
10.04.2025,09:57:02,1,0,0.4,0,0.00,0,0,0.00,0,3,4.24,65,0,0.00,0,0,0/0,Nm,deg,
10.04.2025,09:59:19,5,0,1.6,0,0.00,0,0,0.00,0,3,2.20,2008,0,0.00,0,0,0/0,Nm,deg,
10.04.2025,09:59:21,5,0,2.1,0,0.00,0,0,0.00,0,3,2.25,2064,0,0.00,0,0,0/0,Nm,deg,
10.04.2025,09:59:25,5,0,2.1,0,0.00,0,0,0.00,0,3,2.30,1972,0,0.00,0,0,0/0,Nm,deg,
10.04.2025,09:59:29,5,0,2.0,0,0.00,0,0,0.00,0,3,2.23,1831,0,0.00,0,0,0/0,Nm,deg,
10.04.2025,09:59:32,5,0,1.4,0,0.00,0,0,0.00,0,3,2.21,1939,0,0.00,0,0,0/0,Nm,deg,
10.04.2025,09:59:35,5,0,2.0,0,0.00,0,0,0.00,0,3,2.20,3430,0,0.00,0,0,0/0,Nm,deg,
10.04.2025,09:59:38,5,0,1.7,0,0.00,0,0,0.00,0,3,2.19,2593,0,0.00,0,0,0/0,Nm,deg,
10.04.2025,09:59:41,5,0,1.2,0,0.00,0,0,0.00,0,3,2.20,1707,0,0.00,0,0,0/0,Nm,deg,
10.04.2025,10:03:05,5,0,1.8,0,0.00,0,0,0.00,0,3,2.28,2079,0,0.00,0,0,0/0,Nm,deg,
10.04.2025,10:03:09,5,5,2.7,0,0.00,0,0,0.00,0,0,0.00,0,1,2.33,2523,0,0/0,Nm,deg,
10.04.2025,10:03:15,7,10,1.3,0,0.00,0,0,0.00,0,0,0.00,0,1,1.02,3336,0,0/0,Nm,deg,
10.04.2025,10:03:18,5,0,1.8,0,0.00,0,0,0.00,0,3,2.22,2110,0,0.00,0,0,0/0,Nm,deg,
10.04.2025,10:03:21,5,0,2.3,0,0.00,0,0,0.00,0,3,2.21,2518,0,0.00,0,0,0/0,Nm,deg,
10.04.2025,10:03:25,5,0,2.6,0,0.00,0,0,0.00,0,3,2.20,2490,0,0.00,0,0,0/0,Nm,deg,
10.04.2025,10:03:28,5,0,1.4,0,0.00,0,0,0.00,0,3,2.24,1975,0,0.00,0,0,0/0,Nm,deg,
10.04.2025,10:03:37,5,0,2.1,0,0.00,0,0,0.00,0,3,2.20,3516,0,0.00,0,0,0/0,Nm,deg,
10.04.2025,10:03:41,5,0,1.6,0,0.00,0,0,0.00,0,3,2.17,2572,0,0.00,0,0,0/0,Nm,deg,
10.04.2025,10:03:45,5,0,1.3,0,0.00,0,0,0.00,0,3,2.20,1849,0,0.00,0,0,0/0,Nm,deg,
10.04.2025,10:32:42,5,0,1.5,0,0.00,0,0,0.00,0,3,2.26,2115,0,0.00,0,0,0/0,Nm,deg,
10.04.2025,10:32:44,5,0,2.1,0,0.00,0,0,0.00,0,3,2.18,1971,0,0.00,0,0,0/0,Nm,deg,
10.04.2025,10:32:47,5,0,1.8,0,0.00,0,0,0.00,0,3,2.22,2133,0,0.00,0,0,0/0,Nm,deg,
10.04.2025,10:32:50,5,0,2.2,0,0.00,0,0,0.00,0,3,2.28,2073,0,0.00,0,0,0/0,Nm,deg,
10.04.2025,10:32:53,5,0,1.5,0,0.00,0,0,0.00,0,3,2.20,1995,0,0.00,0,0,0/0,Nm,deg,
10.04.2025,10:32:59,5,0,1.4,0,0.00,0,0,0.00,0,3,2.20,2123,0,0.00,0,0,0/0,Nm,deg,
10.04.2025,10:33:02,5,0,1.6,0,0.00,0,0,0.00,0,3,2.20,2479,0,0.00,0,0,0/0,Nm,deg,
10.04.2025,10:33:06,5,0,2.2,0,0.00,0,0,0.00,0,3,2.20,3500,0,0.00,0,0,0/0,Nm,deg,
10.04.2025,10:36:27,5,0,1.7,0,0.00,0,0,0.00,0,3,2.29,2572,0,0.00,0,0,0/0,Nm,deg,
10.04.2025,10:36:30,5,5,1.9,0,0.00,0,0,0.00,0,0,0.00,0,1,2.36,2081,0,0/0,Nm,deg,
10.04.2025,10:36:34,7,0,1.4,0,0.00,0,0,0.00,0,3,0.00,4000,0,0.00,0,0,0/0,Nm,deg,
10.04.2025,10:36:37,5,0,1.4,0,0.00,0,0,0.00,0,3,2.20,1865,0,0.00,0,0,0/0,Nm,deg,
10.04.2025,10:36:39,5,0,1.6,0,0.00,0,0,0.00,0,3,2.18,1934,0,0.00,0,0,0/0,Nm,deg,
10.04.2025,10:36:42,5,0,1.6,0,0.00,0,0,0.00,0,3,2.26,2033,0,0.00,0,0,0/0,Nm,deg,
10.04.2025,10:36:44,5,0,2.8,0,0.00,0,0,0.00,0,3,2.20,4872,0,0.00,0,0,0/0,Nm,deg,
10.04.2025,10:36:50,5,0,1.2,0,0.00,0,0,0.00,0,3,2.18,1736,0,0.00,0,0,0/0,Nm,deg,
10.04.2025,10:36:53,5,0,1.7,0,0.00,0,0,0.00,0,3,2.20,2585,0,0.00,0,0,0/0,Nm,deg,
10.04.2025,10:36:58,5,0,2.0,0,0.00,0,0,0.00,0,3,2.18,3252,0,0.00,0,0,0/0,Nm,deg,
10.04.2025,10:42:55,5,0,1.6,0,0.00,0,0,0.00,0,3,2.30,2145,0,0.00,0,0,0/0,Nm,deg,
10.04.2025,10:42:58,5,0,2.9,0,0.00,0,0,0.00,0,3,2.21,3256,0,0.00,0,0,0/0,Nm,deg,
10.04.2025,10:43:02,5,0,1.8,0,0.00,0,0,0.00,0,3,2.27,2006,0,0.00,0,0,0/0,Nm,deg,
10.04.2025,10:43:05,5,0,2.1,0,0.00,0,0,0.00,0,3,2.27,2052,0,0.00,0,0,0/0,Nm,deg,
10.04.2025,10:43:09,5,0,1.5,0,0.00,0,0,0.00,0,3,2.26,2233,0,0.00,0,0,0/0,Nm,deg,
10.04.2025,10:43:12,5,0,1.2,0,0.00,0,0,0.00,0,3,2.25,1699,0,0.00,0,0,0/0,Nm,deg,
10.04.2025,10:43:15,5,0,1.6,0,0.00,0,0,0.00,0,3,2.20,2668,0,0.00,0,0,0/0,Nm,deg,
10.04.2025,10:43:19,5,0,2.0,0,0.00,0,0,0.00,0,3,2.20,3512,0,0.00,0,0,0/0,Nm,deg,
10.04.2025,10:48:35,5,0,1.4,0,0.00,0,0,0.00,0,3,2.20,1969,0,0.00,0,0,0/0,Nm,deg,
10.04.2025,10:48:41,5,0,2.0,0,0.00,0,0,0.00,0,3,2.25,2185,0,0.00,0,0,0/0,Nm,deg,
10.04.2025,10:48:44,5,0,1.6,0,0.00,0,0,0.00,0,3,2.21,2011,0,0.00,0,0,0/0,Nm,deg,
10.04.2025,10:48:46,5,0,1.8,0,0.00,0,0,0.00,0,3,2.17,2056,0,0.00,0,0,0/0,Nm,deg,
10.04.2025,10:48:49,5,0,1.4,0,0.00,0,0,0.00,0,3,2.19,2003,0,0.00,0,0,0/0,Nm,deg,
10.04.2025,10:48:52,5,0,1.4,0,0.00,0,0,0.00,0,3,2.23,2107,0,0.00,0,0,0/0,Nm,deg,
10.04.2025,10:48:55,5,0,1.8,0,0.00,0,0,0.00,0,3,2.20,2928,0,0.00,0,0,0/0,Nm,deg,
10.04.2025,10:48:59,5,0,1.9,0,0.00,0,0,0.00,0,3,2.20,3319,0,0.00,0,0,0/0,Nm,deg,
10.04.2025,10:51:51,5,0,1.4,0,0.00,0,0,0.00,0,3,2.27,2042,0,0.00,0,0,0/0,Nm,deg,
10.04.2025,10:51:54,5,0,1.8,0,0.00,0,0,0.00,0,3,2.30,2156,0,0.00,0,0,0/0,Nm,deg,
10.04.2025,10:51:57,5,0,1.7,0,0.00,0,0,0.00,0,3,2.22,2007,0,0.00,0,0,0/0,Nm,deg,
10.04.2025,10:51:59,5,0,2.1,0,0.00,0,0,0.00,0,3,2.25,2082,0,0.00,0,0,0/0,Nm,deg,
10.04.2025,10:52:02,5,0,1.3,0,0.00,0,0,0.00,0,3,2.20,1948,0,0.00,0,0,0/0,Nm,deg,
10.04.2025,10:52:09,5,0,1.2,0,0.00,0,0,0.00,0,3,2.20,1726,0,0.00,0,0,0/0,Nm,deg,
10.04.2025,10:52:11,5,0,1.8,0,0.00,0,0,0.00,0,3,2.20,3120,0,0.00,0,0,0/0,Nm,deg,
10.04.2025,10:52:16,5,0,1.9,0,0.00,0,0,0.00,0,3,2.20,3193,0,0.00,0,0,0/0,Nm,deg,
10.04.2025,10:56:01,5,0,1.4,0,0.00,0,0,0.00,0,3,2.20,1924,0,0.00,0,0,0/0,Nm,deg,
10.04.2025,10:56:03,5,0,2.0,0,0.00,0,0,0.00,0,3,2.22,2142,0,0.00,0,0,0/0,Nm,deg,
10.04.2025,10:56:06,5,0,1.9,0,0.00,0,0,0.00,0,3,2.30,2262,0,0.00,0,0,0/0,Nm,deg,
10.04.2025,10:56:09,5,0,1.7,0,0.00,0,0,0.00,0,3,2.24,2043,0,0.00,0,0,0/0,Nm,deg,
10.04.2025,10:56:12,5,0,1.5,0,0.00,0,0,0.00,0,3,2.29,2024,0,0.00,0,0,0/0,Nm,deg,
10.04.2025,10:56:15,5,0,1.4,0,0.00,0,0,0.00,0,3,2.20,1979,0,0.00,0,0,0/0,Nm,deg,
10.04.2025,10:56:18,5,0,1.6,0,0.00,0,0,0.00,0,3,2.20,2576,0,0.00,0,0,0/0,Nm,deg,
10.04.2025,10:56:22,5,0,1.9,0,0.00,0,0,0.00,0,3,2.20,3297,0,0.00,0,0,0/0,Nm,deg,
10.04.2025,11:04:39,1,0,0.6,0,0.00,0,0,0.00,0,3,4.23,93,0,0.00,0,0,0/0,Nm,deg,
10.04.2025,11:04:41,7,0,1.5,0,0.00,0,0,0.00,0,3,0.00,4000,0,0.00,0,0,0/0,Nm,deg,
10.04.2025,11:04:45,1,0,4.1,0,0.00,0,0,0.00,0,3,4.32,3988,0,0.00,0,0,0/0,Nm,deg,
10.04.2025,11:04:57,1,0,0.4,0,0.00,0,0,0.00,0,3,4.25,71,0,0.00,0,0,0/0,Nm,deg,
10.04.2025,11:05:05,1,0,0.4,0,0.00,0,0,0.00,0,3,4.24,69,0,0.00,0,0,0/0,Nm,deg,
10.04.2025,11:06:12,5,0,1.8,0,0.00,0,0,0.00,0,3,2.21,2082,0,0.00,0,0,0/0,Nm,deg,
10.04.2025,11:06:14,5,0,2.1,0,0.00,0,0,0.00,0,3,2.21,2109,0,0.00,0,0,0/0,Nm,deg,
10.04.2025,11:06:17,5,0,1.7,0,0.00,0,0,0.00,0,3,2.29,1819,0,0.00,0,0,0/0,Nm,deg,
10.04.2025,11:06:20,5,5,1.7,0,0.00,0,0,0.00,0,0,0.00,0,1,2.32,2038,0,0/0,Nm,deg,
10.04.2025,11:06:24,7,0,1.4,0,0.00,0,0,0.00,0,3,0.04,4000,0,0.00,0,0,0/0,Nm,deg,
10.04.2025,11:06:27,5,0,1.5,0,0.00,0,0,0.00,0,3,2.29,2243,0,0.00,0,0,0/0,Nm,deg,
10.04.2025,11:06:29,5,0,1.5,0,0.00,0,0,0.00,0,3,2.20,2306,0,0.00,0,0,0/0,Nm,deg,
10.04.2025,11:06:33,5,0,1.4,0,0.00,0,0,0.00,0,3,2.24,2043,0,0.00,0,0,0/0,Nm,deg,
10.04.2025,11:06:37,5,0,1.6,0,0.00,0,0,0.00,0,3,2.20,2622,0,0.00,0,0,0/0,Nm,deg,
10.04.2025,11:06:41,5,0,1.9,0,0.00,0,0,0.00,0,3,2.20,3306,0,0.00,0,0,0/0,Nm,deg,
10.04.2025,11:07:59,5,0,1.6,0,0.00,0,0,0.00,0,3,2.29,2081,0,0.00,0,0,0/0,Nm,deg,
10.04.2025,11:08:03,5,0,2.2,0,0.00,0,0,0.00,0,3,2.24,2047,0,0.00,0,0,0/0,Nm,deg,
10.04.2025,11:08:07,5,0,1.9,0,0.00,0,0,0.00,0,3,2.22,2147,0,0.00,0,0,0/0,Nm,deg,
10.04.2025,11:08:10,5,0,2.2,0,0.00,0,0,0.00,0,3,2.22,2039,0,0.00,0,0,0/0,Nm,deg,
10.04.2025,11:08:13,5,0,1.4,0,0.00,0,0,0.00,0,3,2.20,2216,0,0.00,0,0,0/0,Nm,deg,
10.04.2025,11:08:16,5,0,1.3,0,0.00,0,0,0.00,0,3,2.29,2119,0,0.00,0,0,0/0,Nm,deg,
10.04.2025,11:08:19,5,0,1.7,0,0.00,0,0,0.00,0,3,2.20,2708,0,0.00,0,0,0/0,Nm,deg,
10.04.2025,11:08:23,5,0,2.0,0,0.00,0,0,0.00,0,3,2.20,3464,0,0.00,0,0,0/0,Nm,deg,
10.04.2025,11:10:09,5,0,1.4,0,0.00,0,0,0.00,0,3,2.25,2047,0,0.00,0,0,0/0,Nm,deg,
10.04.2025,11:10:11,5,0,2.3,0,0.00,0,0,0.00,0,3,2.28,2340,0,0.00,0,0,0/0,Nm,deg,
10.04.2025,11:10:15,5,0,1.6,0,0.00,0,0,0.00,0,3,2.23,2130,0,0.00,0,0,0/0,Nm,deg,
10.04.2025,11:10:18,5,0,1.7,0,0.00,0,0,0.00,0,3,2.26,2022,0,0.00,0,0,0/0,Nm,deg,
10.04.2025,11:10:21,5,0,1.4,0,0.00,0,0,0.00,0,3,2.20,1963,0,0.00,0,0,0/0,Nm,deg,
10.04.2025,11:10:24,5,0,1.3,0,0.00,0,0,0.00,0,3,2.20,1932,0,0.00,0,0,0/0,Nm,deg,
10.04.2025,11:10:27,5,0,1.7,0,0.00,0,0,0.00,0,3,2.20,2740,0,0.00,0,0,0/0,Nm,deg,
10.04.2025,11:10:31,5,0,1.9,0,0.00,0,0,0.00,0,3,2.20,3296,0,0.00,0,0,0/0,Nm,deg,
10.04.2025,11:11:58,1,0,2.3,0,0.00,0,0,0.00,0,3,4.24,2937,0,0.00,0,0,0/0,Nm,deg,
10.04.2025,11:12:03,7,0,1.4,0,0.00,0,0,0.00,0,3,0.04,4000,0,0.00,0,0,0/0,Nm,deg,
10.04.2025,11:12:06,1,0,8.1,0,0.00,0,0,0.00,0,3,4.31,4061,0,0.00,0,0,0/0,Nm,deg,
10.04.2025,11:12:20,1,0,0.4,0,0.00,0,0,0.00,0,3,4.25,49,0,0.00,0,0,0/0,Nm,deg,
10.04.2025,11:12:22,7,0,1.4,0,0.00,0,0,0.00,0,3,0.04,4000,0,0.00,0,0,0/0,Nm,deg,
10.04.2025,11:12:26,1,0,4.6,0,0.00,0,0,0.00,0,3,4.28,2845,0,0.00,0,0,0/0,Nm,deg,
10.04.2025,11:12:33,7,0,1.4,0,0.00,0,0,0.00,0,3,0.00,4000,0,0.00,0,0,0/0,Nm,deg,
10.04.2025,11:12:37,1,0,2.9,0,0.00,0,0,0.00,0,3,4.23,3137,0,0.00,0,0,0/0,Nm,deg,
10.04.2025,11:12:42,7,0,1.4,0,0.00,0,0,0.00,0,3,0.14,4000,0,0.00,0,0,0/0,Nm,deg,
10.04.2025,11:12:45,1,0,3.0,0,0.00,0,0,0.00,0,3,4.24,3142,0,0.00,0,0,0/0,Nm,deg,
10.04.2025,11:12:51,7,0,1.4,0,0.00,0,0,0.00,0,3,0.06,4000,0,0.00,0,0,0/0,Nm,deg,
10.04.2025,11:12:55,1,0,4.4,0,0.00,0,0,0.00,0,3,4.28,1983,0,0.00,0,0,0/0,Nm,deg,
10.04.2025,11:13:00,1,0,0.8,0,0.00,0,0,0.00,0,3,4.24,211,0,0.00,0,0,0/0,Nm,deg,
10.04.2025,11:13:03,1,0,0.5,0,0.00,0,0,0.00,0,3,4.24,79,0,0.00,0,0,0/0,Nm,deg,
10.04.2025,11:13:05,7,0,1.4,0,0.00,0,0,0.00,0,3,0.04,4000,0,0.00,0,0,0/0,Nm,deg,
10.04.2025,11:13:28,1,0,4.3,0,0.00,0,0,0.00,0,3,4.34,3386,0,0.00,0,0,0/0,Nm,deg,
10.04.2025,11:13:45,7,0,1.4,0,0.00,0,0,0.00,0,3,0.06,4000,0,0.00,0,0,0/0,Nm,deg,
10.04.2025,11:13:48,1,5,3.1,0,0.00,0,0,0.00,0,0,0.00,0,1,4.59,4057,0,0/0,Nm,deg,
10.04.2025,11:13:58,7,0,1.4,0,0.00,0,0,0.00,0,3,0.00,4000,0,0.00,0,0,0/0,Nm,deg,
10.04.2025,11:14:01,1,0,3.7,0,0.00,0,0,0.00,0,3,4.24,4909,0,0.00,0,0,0/0,Nm,deg,
10.04.2025,11:15:10,5,0,1.5,0,0.00,0,0,0.00,0,3,2.18,2048,0,0.00,0,0,0/0,Nm,deg,
10.04.2025,11:15:12,5,0,2.2,0,0.00,0,0,0.00,0,3,2.25,2050,0,0.00,0,0,0/0,Nm,deg,
10.04.2025,11:15:15,5,0,1.8,0,0.00,0,0,0.00,0,3,2.20,2117,0,0.00,0,0,0/0,Nm,deg,
10.04.2025,11:15:18,5,0,2.0,0,0.00,0,0,0.00,0,3,2.20,2218,0,0.00,0,0,0/0,Nm,deg,
10.04.2025,11:15:21,5,0,1.4,0,0.00,0,0,0.00,0,3,2.20,2202,0,0.00,0,0,0/0,Nm,deg,
10.04.2025,11:15:25,5,5,1.3,0,0.00,0,0,0.00,0,0,0.00,0,1,2.34,1913,0,0/0,Nm,deg,
10.04.2025,11:15:27,7,0,1.4,0,0.00,0,0,0.00,0,3,0.07,4000,0,0.00,0,0,0/0,Nm,deg,
10.04.2025,11:15:30,5,0,1.3,0,0.00,0,0,0.00,0,3,2.20,1866,0,0.00,0,0,0/0,Nm,deg,
10.04.2025,11:15:33,5,0,1.6,0,0.00,0,0,0.00,0,3,2.20,2417,0,0.00,0,0,0/0,Nm,deg,
10.04.2025,11:15:37,5,0,2.0,0,0.00,0,0,0.00,0,3,2.20,3414,0,0.00,0,0,0/0,Nm,deg,
10.04.2025,11:22:15,5,0,1.8,0,0.00,0,0,0.00,0,3,2.26,2089,0,0.00,0,0,0/0,Nm,deg,
10.04.2025,11:22:17,5,0,2.1,0,0.00,0,0,0.00,0,3,2.20,2299,0,0.00,0,0,0/0,Nm,deg,
10.04.2025,11:22:21,5,0,1.5,0,0.00,0,0,0.00,0,3,2.22,1894,0,0.00,0,0,0/0,Nm,deg,
10.04.2025,11:22:23,5,0,1.6,0,0.00,0,0,0.00,0,3,2.28,2007,0,0.00,0,0,0/0,Nm,deg,
10.04.2025,11:22:26,5,0,1.4,0,0.00,0,0,0.00,0,3,2.20,2199,0,0.00,0,0,0/0,Nm,deg,
10.04.2025,11:22:29,5,0,1.4,0,0.00,0,0,0.00,0,3,2.20,2054,0,0.00,0,0,0/0,Nm,deg,
10.04.2025,11:22:32,5,0,1.6,0,0.00,0,0,0.00,0,3,2.20,2526,0,0.00,0,0,0/0,Nm,deg,
10.04.2025,11:22:39,5,0,2.1,0,0.00,0,0,0.00,0,3,2.20,3599,0,0.00,0,0,0/0,Nm,deg,
10.04.2025,11:26:27,1,0,3.9,0,0.00,0,0,0.00,0,3,4.40,5279,0,0.00,0,0,0/0,Nm,deg,
10.04.2025,11:26:33,1,0,0.4,0,0.00,0,0,0.00,0,3,4.24,96,0,0.00,0,0,0/0,Nm,deg,
10.04.2025,11:26:35,1,0,0.5,0,0.00,0,0,0.00,0,3,4.24,69,0,0.00,0,0,0/0,Nm,deg,
10.04.2025,11:28:07,5,0,1.5,0,0.00,0,0,0.00,0,3,2.30,2026,0,0.00,0,0,0/0,Nm,deg,
10.04.2025,11:28:09,5,0,1.8,0,0.00,0,0,0.00,0,3,2.23,2287,0,0.00,0,0,0/0,Nm,deg,
10.04.2025,11:28:12,5,5,1.4,0,0.00,0,0,0.00,0,0,0.00,0,1,2.33,2190,0,0/0,Nm,deg,
10.04.2025,11:28:15,7,0,1.4,0,0.00,0,0,0.00,0,3,0.01,4000,0,0.00,0,0,0/0,Nm,deg,
10.04.2025,11:28:19,5,5,1.4,0,0.00,0,0,0.00,0,0,0.00,0,1,2.35,2250,0,0/0,Nm,deg,
10.04.2025,11:28:21,7,0,1.4,0,0.00,0,0,0.00,0,3,0.00,4000,0,0.00,0,0,0/0,Nm,deg,
10.04.2025,11:28:24,5,0,1.4,0,0.00,0,0,0.00,0,3,2.20,2236,0,0.00,0,0,0/0,Nm,deg,
10.04.2025,11:28:27,5,0,1.5,0,0.00,0,0,0.00,0,3,2.28,2014,0,0.00,0,0,0/0,Nm,deg,
10.04.2025,11:28:29,5,0,1.4,0,0.00,0,0,0.00,0,3,2.20,2106,0,0.00,0,0,0/0,Nm,deg,
10.04.2025,11:28:37,5,0,1.3,0,0.00,0,0,0.00,0,3,2.20,1829,0,0.00,0,0,0/0,Nm,deg,
10.04.2025,11:28:39,5,0,1.7,0,0.00,0,0,0.00,0,3,2.20,2581,0,0.00,0,0,0/0,Nm,deg,
10.04.2025,11:28:46,5,0,1.9,0,0.00,0,0,0.00,0,3,2.20,3265,0,0.00,0,0,0/0,Nm,deg,
10.04.2025,11:35:36,5,0,1.4,0,0.00,0,0,0.00,0,3,2.25,1955,0,0.00,0,0,0/0,Nm,deg,
10.04.2025,11:35:39,5,0,2.1,0,0.00,0,0,0.00,0,3,2.23,2279,0,0.00,0,0,0/0,Nm,deg,
10.04.2025,11:35:41,5,0,1.6,0,0.00,0,0,0.00,0,3,2.25,1991,0,0.00,0,0,0/0,Nm,deg,
10.04.2025,11:35:44,5,0,1.7,0,0.00,0,0,0.00,0,3,2.20,2012,0,0.00,0,0,0/0,Nm,deg,
10.04.2025,11:35:47,5,0,1.5,0,0.00,0,0,0.00,0,3,2.20,2274,0,0.00,0,0,0/0,Nm,deg,
10.04.2025,11:35:50,5,0,1.2,0,0.00,0,0,0.00,0,3,2.25,1708,0,0.00,0,0,0/0,Nm,deg,
10.04.2025,11:35:53,5,0,1.7,0,0.00,0,0,0.00,0,3,2.20,2681,0,0.00,0,0,0/0,Nm,deg,
10.04.2025,11:35:58,5,0,2.0,0,0.00,0,0,0.00,0,3,2.20,3416,0,0.00,0,0,0/0,Nm,deg,
10.04.2025,11:38:22,5,0,1.4,0,0.00,0,0,0.00,0,3,2.20,2059,0,0.00,0,0,0/0,Nm,deg,
10.04.2025,11:38:24,5,0,2.0,0,0.00,0,0,0.00,0,3,2.18,2162,0,0.00,0,0,0/0,Nm,deg,
10.04.2025,11:38:27,5,0,1.9,0,0.00,0,0,0.00,0,3,2.30,2032,0,0.00,0,0,0/0,Nm,deg,
10.04.2025,11:38:30,5,0,2.1,0,0.00,0,0,0.00,0,3,2.20,2234,0,0.00,0,0,0/0,Nm,deg,
10.04.2025,11:38:33,5,0,1.5,0,0.00,0,0,0.00,0,3,2.25,2179,0,0.00,0,0,0/0,Nm,deg,
10.04.2025,11:38:36,5,0,1.3,0,0.00,0,0,0.00,0,3,2.27,1866,0,0.00,0,0,0/0,Nm,deg,
10.04.2025,11:38:41,5,0,1.8,0,0.00,0,0,0.00,0,3,2.20,2756,0,0.00,0,0,0/0,Nm,deg,
10.04.2025,11:38:45,5,0,1.9,0,0.00,0,0,0.00,0,3,2.20,3181,0,0.00,0,0,0/0,Nm,deg,
10.04.2025,11:41:34,5,0,1.5,0,0.00,0,0,0.00,0,3,2.23,2104,0,0.00,0,0,0/0,Nm,deg,
10.04.2025,11:41:37,5,0,2.3,0,0.00,0,0,0.00,0,3,2.24,1974,0,0.00,0,0,0/0,Nm,deg,
10.04.2025,11:41:41,5,5,1.6,0,0.00,0,0,0.00,0,0,0.00,0,1,2.32,2268,0,0/0,Nm,deg,
10.04.2025,11:41:44,7,0,1.4,0,0.00,0,0,0.00,0,3,0.00,4000,0,0.00,0,0,0/0,Nm,deg,
10.04.2025,11:41:47,5,0,1.6,0,0.00,0,0,0.00,0,3,2.18,2230,0,0.00,0,0,0/0,Nm,deg,
10.04.2025,11:41:50,5,0,2.2,0,0.00,0,0,0.00,0,3,2.25,2093,0,0.00,0,0,0/0,Nm,deg,
10.04.2025,11:41:53,5,0,1.6,0,0.00,0,0,0.00,0,3,2.25,2096,0,0.00,0,0,0/0,Nm,deg,
10.04.2025,11:41:56,5,0,1.5,0,0.00,0,0,0.00,0,3,2.20,2083,0,0.00,0,0,0/0,Nm,deg,
10.04.2025,11:41:59,5,0,1.7,0,0.00,0,0,0.00,0,3,2.20,2624,0,0.00,0,0,0/0,Nm,deg,
10.04.2025,11:42:04,5,0,1.9,0,0.00,0,0,0.00,0,3,2.20,3266,0,0.00,0,0,0/0,Nm,deg,
