#003_Programnumber,#004_Status,#005_Total Time,#006_Step1,#010_Torque1,#014_Angle1,#015_Step2,#019_Torque2,#023_Angle2,#024_Step3,#028_Torque3,#032_Angle3,#033_StepNOK,#037_TorqueNOK,#041_AngleNOK,#045_FC Error,#042_Torque Unit,#043_Angle Unit
5,0,0,0,0,0,0,0,0,4,4.57,2839,0,1,1267,0/0,Nm,deg
5,5,0,0,0,0,0,0,0,5,4.27,3933,0,0,721,0/0,Nm,deg
1,5,1,0,0,0,0,0,0,0,3.2,5041,0,1,1317,0/0,Nm,deg
5,0,0,0,0,0,0,0,0,1,4.61,2154,0,1,1775,0/0,Nm,deg
5,0,1,0,0,0,0,0,0,5,4.0,2681,0,0,2006,0/0,Nm,deg
5,5,4,0,0,0,0,0,0,2,0.09,912,0,1,1764,0/0,Nm,deg
7,5,4,0,0,0,0,0,0,2,4.97,1087,0,0,1664,0/0,Nm,deg
5,5,1,0,0,0,0,0,0,0,3.9,3175,0,0,91,0/0,Nm,deg
7,5,3,0,0,0,0,0,0,3,2.41,1068,0,1,50,0/0,Nm,deg
1,0,2,0,0,0,0,0,0,0,0.48,3974,0,0,523,0/0,Nm,deg
5,0,2,0,0,0,0,0,0,5,3.71,4234,0,0,1537,0/0,Nm,deg
7,0,1,0,0,0,0,0,0,1,3.14,4833,0,1,704,0/0,Nm,deg
7,0,3,0,0,0,0,0,0,1,1.11,771,0,0,393,0/0,Nm,deg
7,5,4,0,0,0,0,0,0,0,0.56,4337,0,1,2028,0/0,Nm,deg
7,5,4,0,0,0,0,0,0,3,3.11,2122,0,1,152,0/0,Nm,deg
7,0,1,0,0,0,0,0,0,0,3.54,1124,0,1,2014,0/0,Nm,deg
1,5,2,0,0,0,0,0,0,2,2.75,248,0,1,1064,0/0,Nm,deg
5,0,3,0,0,0,0,0,0,3,1.35,1085,0,0,587,0/0,Nm,deg
1,0,4,0,0,0,0,0,0,4,1.12,817,0,1,460,0/0,Nm,deg
1,0,2,0,0,0,0,0,0,0,3.03,947,0,0,1392,0/0,Nm,deg
1,5,3,0,0,0,0,0,0,1,3.53,3845,0,1,2085,0/0,Nm,deg
7,0,3,0,0,0,0,0,0,2,0.02,492,0,1,1737,0/0,Nm,deg
1,5,1,0,0,0,0,0,0,2,4.02,1215,0,1,1595,0/0,Nm,deg
7,5,0,0,0,0,0,0,0,3,0.64,1719,0,1,1959,0/0,Nm,deg
1,5,3,0,0,0,0,0,0,1,4.82,1853,0,1,1108,0/0,Nm,deg
5,5,3,0,0,0,0,0,0,4,2.2,1084,0,1,1053,0/0,Nm,deg
7,0,2,0,0,0,0,0,0,0,1.25,4252,0,0,1966,0/0,Nm,deg
1,0,0,0,0,0,0,0,0,3,0.57,1326,0,0,1554,0/0,Nm,deg
7,0,2,0,0,0,0,0,0,0,0.34,2485,0,0,1549,0/0,Nm,deg
5,5,1,0,0,0,0,0,0,0,1.49,224,0,1,769,0/0,Nm,deg
5,0,2,0,0,0,0,0,0,5,0.87,981,0,1,1742,0/0,Nm,deg
5,0,4,0,0,0,0,0,0,0,4.17,3713,0,1,313,0/0,Nm,deg
5,5,0,0,0,0,0,0,0,3,0.28,1093,0,0,2000,0/0,Nm,deg
1,5,0,0,0,0,0,0,0,4,1.8,3114,0,1,899,0/0,Nm,deg
1,0,2,0,0,0,0,0,0,1,1.23,443,0,0,281,0/0,Nm,deg
1,5,2,0,0,0,0,0,0,2,4.48,1219,0,0,817,0/0,Nm,deg
5,5,1,0,0,0,0,0,0,5,3.68,4488,0,1,68,0/0,Nm,deg
1,0,2,0,0,0,0,0,0,4,4.22,3367,0,1,878,0/0,Nm,deg
5,0,1,0,0,0,0,0,0,1,3.06,176,0,1,1656,0/0,Nm,deg
1,0,1,0,0,0,0,0,0,1,3.38,3892,0,0,885,0/0,Nm,deg
1,0,0,0,0,0,0,0,0,2,1.56,995,0,1,439,0/0,Nm,deg
7,5,3,0,0,0,0,0,0,5,4.6,3280,0,1,374,0/0,Nm,deg
7,0,1,0,0,0,0,0,0,5,0.96,3757,0,0,92,0/0,Nm,deg
7,5,0,0,0,0,0,0,0,1,1.92,4618,0,0,1090,0/0,Nm,deg
7,0,1,0,0,0,0,0,0,5,0.21,2307,0,1,1497,0/0,Nm,deg
5,0,0,0,0,0,0,0,0,4,1.79,2871,0,0,1123,0/0,Nm,deg
5,0,3,0,0,0,0,0,0,4,0.92,1915,0,1,41,0/0,Nm,deg
5,5,0,0,0,0,0,0,0,0,4.08,2166,0,1,1476,0/0,Nm,deg
1,5,4,0,0,0,0,0,0,5,1.95,3716,0,1,1082,0/0,Nm,deg
5,0,1,0,0,0,0,0,0,5,1.31,4554,0,1,2144,0/0,Nm,deg
7,5,3,0,0,0,0,0,0,4,1.84,2963,0,1,967,0/0,Nm,deg
7,0,1,0,0,0,0,0,0,3,1.27,2611,0,1,1448,0/0,Nm,deg
5,0,2,0,0,0,0,0,0,3,4.77,1997,0,0,1083,0/0,Nm,deg
5,5,1,0,0,0,0,0,0,0,1.34,3213,0,1,1705,0/0,Nm,deg
5,5,3,0,0,0,0,0,0,4,4.0,2828,0,0,1842,0/0,Nm,deg
1,5,0,0,0,0,0,0,0,2,0.63,4119,0,1,1980,0/0,Nm,deg
1,5,4,0,0,0,0,0,0,1,4.86,2389,0,0,162,0/0,Nm,deg
1,5,2,0,0,0,0,0,0,4,1.88,3717,0,1,1870,0/0,Nm,deg
7,0,2,0,0,0,0,0,0,3,5.0,4719,0,0,1434,0/0,Nm,deg
1,0,4,0,0,0,0,0,0,1,4.25,2622,0,1,712,0/0,Nm,deg
1,0,0,0,0,0,0,0,0,3,1.89,3514,0,1,1454,0/0,Nm,deg
7,0,3,0,0,0,0,0,0,1,3.57,347,0,0,41,0/0,Nm,deg
1,5,1,0,0,0,0,0,0,5,2.41,2268,0,0,233,0/0,Nm,deg
5,0,2,0,0,0,0,0,0,3,1.06,718,0,1,1378,0/0,Nm,deg
7,0,0,0,0,0,0,0,0,1,2.52,2724,0,1,235,0/0,Nm,deg
5,5,3,0,0,0,0,0,0,0,5.02,1782,0,0,1890,0/0,Nm,deg
1,0,4,0,0,0,0,0,0,5,1.07,2021,0,1,771,0/0,Nm,deg
7,5,0,0,0,0,0,0,0,5,3.24,4727,0,0,971,0/0,Nm,deg
7,0,0,0,0,0,0,0,0,0,2.27,3511,0,1,562,0/0,Nm,deg
1,0,3,0,0,0,0,0,0,3,1.02,3102,0,1,1956,0/0,Nm,deg
7,0,1,0,0,0,0,0,0,3,4.19,4495,0,0,1661,0/0,Nm,deg
5,5,3,0,0,0,0,0,0,1,0.74,5145,0,1,1754,0/0,Nm,deg
1,5,3,0,0,0,0,0,0,2,3.17,4546,0,0,802,0/0,Nm,deg
7,0,1,0,0,0,0,0,0,2,4.01,3287,0,0,1363,0/0,Nm,deg
1,0,3,0,0,0,0,0,0,0,2.88,4946,0,1,1685,0/0,Nm,deg
5,0,0,0,0,0,0,0,0,4,2.3,3044,0,0,1405,0/0,Nm,deg
1,5,3,0,0,0,0,0,0,4,1.13,4827,0,1,497,0/0,Nm,deg
5,0,4,0,0,0,0,0,0,1,1.67,3599,0,1,1707,0/0,Nm,deg
7,5,0,0,0,0,0,0,0,0,2.26,4804,0,0,182,0/0,Nm,deg
1,5,0,0,0,0,0,0,0,2,1.27,5084,0,1,2080,0/0,Nm,deg
5,0,1,0,0,0,0,0,0,2,2.08,995,0,1,1958,0/0,Nm,deg
5,0,0,0,0,0,0,0,0,0,3.42,2238,0,0,610,0/0,Nm,deg
7,5,1,0,0,0,0,0,0,4,0.67,251,0,0,1636,0/0,Nm,deg
1,5,2,0,0,0,0,0,0,4,4.59,1525,0,0,1972,0/0,Nm,deg
7,5,3,0,0,0,0,0,0,4,4.84,3767,0,0,101,0/0,Nm,deg
1,0,4,0,0,0,0,0,0,5,1.14,4713,0,1,101,0/0,Nm,deg
7,5,2,0,0,0,0,0,0,3,2.75,1633,0,0,1954,0/0,Nm,deg
7,5,2,0,0,0,0,0,0,5,2.82,1352,0,0,724,0/0,Nm,deg
7,0,4,0,0,0,0,0,0,1,2.02,2496,0,1,1672,0/0,Nm,deg
7,0,4,0,0,0,0,0,0,2,0.21,3526,0,1,2146,0/0,Nm,deg
5,0,0,0,0,0,0,0,0,4,1.19,1841,0,0,1173,0/0,Nm,deg
1,0,4,0,0,0,0,0,0,3,3.84,2509,0,1,249,0/0,Nm,deg
1,5,4,0,0,0,0,0,0,5,1.79,2170,0,1,1633,0/0,Nm,deg
1,0,2,0,0,0,0,0,0,2,2.83,722,0,1,25,0/0,Nm,deg
7,5,3,0,0,0,0,0,0,1,1.13,4472,0,0,522,0/0,Nm,deg
5,5,1,0,0,0,0,0,0,0,0.23,3301,0,1,1602,0/0,Nm,deg
1,0,0,0,0,0,0,0,0,5,4.45,1506,0,1,342,0/0,Nm,deg
7,5,2,0,0,0,0,0,0,3,0.97,1719,0,1,1156,0/0,Nm,deg
5,5,1,0,0,0,0,0,0,5,2.92,4001,0,1,1975,0/0,Nm,deg
7,5,0,0,0,0,0,0,0,5,4.24,1670,0,0,560,0/0,Nm,deg
5,5,1,0,0,0,0,0,0,1,3.88,687,0,1,1645,0/0,Nm,deg
1,5,4,0,0,0,0,0,0,5,4.32,1863,0,1,1709,0/0,Nm,deg
1,0,0,0,0,0,0,0,0,1,3.56,126,0,1,918,0/0,Nm,deg
7,5,0,0,0,0,0,0,0,4,5.03,761,0,0,2041,0/0,Nm,deg
7,5,4,0,0,0,0,0,0,2,0.43,971,0,1,558,0/0,Nm,deg
5,0,0,0,0,0,0,0,0,0,2.75,434,0,1,703,0/0,Nm,deg
1,5,3,0,0,0,0,0,0,3,4.56,3977,0,0,415,0/0,Nm,deg
1,0,4,0,0,0,0,0,0,5,3.35,4761,0,0,1618,0/0,Nm,deg
7,5,3,0,0,0,0,0,0,1,0.97,3478,0,1,1523,0/0,Nm,deg
5,0,3,0,0,0,0,0,0,5,2.26,675,0,0,252,0/0,Nm,deg
5,0,0,0,0,0,0,0,0,0,1.4,3551,0,0,202,0/0,Nm,deg
7,5,2,0,0,0,0,0,0,1,4.95,968,0,0,1264,0/0,Nm,deg
1,5,1,0,0,0,0,0,0,2,1.11,2963,0,0,1819,0/0,Nm,deg
1,0,1,0,0,0,0,0,0,1,3.92,3996,0,1,398,0/0,Nm,deg
1,0,1,0,0,0,0,0,0,4,1.54,2539,0,0,304,0/0,Nm,deg
7,5,0,0,0,0,0,0,0,2,4.41,4172,0,0,102,0/0,Nm,deg
1,0,1,0,0,0,0,0,0,4,2.31,2440,0,0,749,0/0,Nm,deg
5,0,0,0,0,0,0,0,0,2,3.58,2769,0,1,1520,0/0,Nm,deg
7,5,4,0,0,0,0,0,0,1,0.83,2842,0,1,1113,0/0,Nm,deg
1,0,0,0,0,0,0,0,0,2,0.92,2821,0,1,826,0/0,Nm,deg
5,0,4,0,0,0,0,0,0,3,4.72,1021,0,1,1422,0/0,Nm,deg
1,5,2,0,0,0,0,0,0,1,3.73,1255,0,1,519,0/0,Nm,deg
7,5,1,0,0,0,0,0,0,2,0.97,3672,0,1,1279,0/0,Nm,deg
1,0,0,0,0,0,0,0,0,3,0.01,5030,0,0,500,0/0,Nm,deg
1,0,3,0,0,0,0,0,0,3,1.72,4798,0,1,817,0/0,Nm,deg
5,0,4,0,0,0,0,0,0,1,1.1,261,0,0,1631,0/0,Nm,deg
5,5,2,0,0,0,0,0,0,1,1.35,1309,0,1,688,0/0,Nm,deg
7,5,2,0,0,0,0,0,0,1,1.0,3899,0,0,38,0/0,Nm,deg
7,0,0,0,0,0,0,0,0,2,0.23,4662,0,1,1791,0/0,Nm,deg
7,5,2,0,0,0,0,0,0,4,2.9,3342,0,1,197,0/0,Nm,deg
7,5,4,0,0,0,0,0,0,2,1.07,5066,0,0,1593,0/0,Nm,deg
5,0,2,0,0,0,0,0,0,3,2.88,4256,0,0,1401,0/0,Nm,deg
1,5,1,0,0,0,0,0,0,0,4.9,942,0,0,1283,0/0,Nm,deg
5,5,0,0,0,0,0,0,0,3,1.68,1152,0,1,205,0/0,Nm,deg
5,5,2,0,0,0,0,0,0,3,2.96,4206,0,0,2117,0/0,Nm,deg
1,5,2,0,0,0,0,0,0,4,4.71,737,0,0,452,0/0,Nm,deg
7,0,0,0,0,0,0,0,0,3,4.01,2464,0,1,2062,0/0,Nm,deg
5,5,1,0,0,0,0,0,0,0,1.81,1393,0,1,1130,0/0,Nm,deg
7,0,4,0,0,0,0,0,0,3,2.34,972,0,1,469,0/0,Nm,deg
7,0,2,0,0,0,0,0,0,5,4.64,3829,0,0,1811,0/0,Nm,deg
1,5,2,0,0,0,0,0,0,4,1.69,2426,0,1,2103,0/0,Nm,deg
1,5,0,0,0,0,0,0,0,4,0.2,4720,0,0,781,0/0,Nm,deg
7,0,0,0,0,0,0,0,0,2,3.86,875,0,1,1573,0/0,Nm,deg
1,0,3,0,0,0,0,0,0,4,1.39,3188,0,1,1157,0/0,Nm,deg
7,0,4,0,0,0,0,0,0,1,3.2,203,0,0,535,0/0,Nm,deg
1,5,3,0,0,0,0,0,0,4,4.12,4713,0,0,1595,0/0,Nm,deg
1,0,1,0,0,0,0,0,0,0,2.16,1583,0,1,1876,0/0,Nm,deg
7,0,0,0,0,0,0,0,0,4,0.92,2210,0,1,1375,0/0,Nm,deg
1,0,4,0,0,0,0,0,0,0,1.74,5209,0,0,2088,0/0,Nm,deg
5,0,0,0,0,0,0,0,0,1,1.16,3875,0,1,588,0/0,Nm,deg
7,0,4,0,0,0,0,0,0,5,2.23,2767,0,1,560,0/0,Nm,deg
5,5,2,0,0,0,0,0,0,0,2.76,2234,0,1,1649,0/0,Nm,deg
5,5,2,0,0,0,0,0,0,2,0.3,3966,0,1,686,0/0,Nm,deg
1,0,4,0,0,0,0,0,0,3,4.57,4825,0,1,863,0/0,Nm,deg
1,5,4,0,0,0,0,0,0,3,1.61,1577,0,1,323,0/0,Nm,deg
1,5,1,0,0,0,0,0,0,5,4.68,2500,0,0,697,0/0,Nm,deg
7,5,4,0,0,0,0,0,0,4,4.5,1287,0,0,806,0/0,Nm,deg
1,5,3,0,0,0,0,0,0,3,2.34,37,0,1,1798,0/0,Nm,deg
1,0,3,0,0,0,0,0,0,3,2.36,5228,0,0,1748,0/0,Nm,deg
1,5,4,0,0,0,0,0,0,3,0.4,1655,0,0,1229,0/0,Nm,deg
7,0,0,0,0,0,0,0,0,5,1.61,1929,0,1,1982,0/0,Nm,deg
7,0,0,0,0,0,0,0,0,0,4.15,689,0,1,480,0/0,Nm,deg
5,0,0,0,0,0,0,0,0,3,1.35,3271,0,0,1487,0/0,Nm,deg
5,0,2,0,0,0,0,0,0,3,5.01,3363,0,1,1139,0/0,Nm,deg
7,0,1,0,0,0,0,0,0,3,4.82,421,0,1,2109,0/0,Nm,deg
1,0,0,0,0,0,0,0,0,5,1.67,4067,0,0,1206,0/0,Nm,deg
5,0,2,0,0,0,0,0,0,3,4.8,5159,0,1,1758,0/0,Nm,deg
5,5,4,0,0,0,0,0,0,2,3.2,673,0,0,1073,0/0,Nm,deg
5,5,4,0,0,0,0,0,0,4,2.62,1909,0,0,918,0/0,Nm,deg
5,5,4,0,0,0,0,0,0,2,4.17,434,0,1,790,0/0,Nm,deg
7,0,3,0,0,0,0,0,0,0,4.57,4397,0,1,1226,0/0,Nm,deg
7,0,1,0,0,0,0,0,0,2,0.72,3467,0,1,1912,0/0,Nm,deg
1,0,4,0,0,0,0,0,0,2,4.7,3198,0,0,868,0/0,Nm,deg
1,5,0,0,0,0,0,0,0,0,4.16,4703,0,1,1050,0/0,Nm,deg
1,5,2,0,0,0,0,0,0,4,4.38,1819,0,1,1554,0/0,Nm,deg
1,5,4,0,0,0,0,0,0,2,1.68,1477,0,0,1294,0/0,Nm,deg
5,0,2,0,0,0,0,0,0,5,2.71,3218,0,1,1598,0/0,Nm,deg
5,0,0,0,0,0,0,0,0,2,0.88,2282,0,0,1099,0/0,Nm,deg
5,0,0,0,0,0,0,0,0,2,4.55,3381,0,1,333,0/0,Nm,deg
1,0,2,0,0,0,0,0,0,5,0.04,1869,0,0,1429,0/0,Nm,deg
1,5,4,0,0,0,0,0,0,2,3.68,4579,0,0,1327,0/0,Nm,deg
7,0,2,0,0,0,0,0,0,0,3.49,3328,0,0,336,0/0,Nm,deg
1,5,0,0,0,0,0,0,0,1,1.92,3095,0,1,1140,0/0,Nm,deg
7,0,4,0,0,0,0,0,0,0,2.49,2617,0,0,664,0/0,Nm,deg
1,0,3,0,0,0,0,0,0,0,2.05,1875,0,0,1266,0/0,Nm,deg
1,0,4,0,0,0,0,0,0,1,3.27,1234,0,0,1991,0/0,Nm,deg
5,5,4,0,0,0,0,0,0,5,1.33,2293,0,0,720,0/0,Nm,deg
7,0,3,0,0,0,0,0,0,3,3.73,2073,0,0,125,0/0,Nm,deg
1,5,3,0,0,0,0,0,0,4,3.07,5027,0,1,1226,0/0,Nm,deg
5,0,1,0,0,0,0,0,0,5,4.64,3247,0,1,1748,0/0,Nm,deg
1,5,4,0,0,0,0,0,0,1,4.99,2289,0,1,1487,0/0,Nm,deg
1,5,3,0,0,0,0,0,0,4,3.42,401,0,0,1534,0/0,Nm,deg
5,0,0,0,0,0,0,0,0,1,1.06,2439,0,1,124,0/0,Nm,deg
1,0,4,0,0,0,0,0,0,0,4.27,4523,0,1,1890,0/0,Nm,deg
1,5,2,0,0,0,0,0,0,2,3.51,2740,0,1,1446,0/0,Nm,deg
1,0,1,0,0,0,0,0,0,1,0.07,4076,0,1,1688,0/0,Nm,deg
1,0,0,0,0,0,0,0,0,0,1.62,2,0,1,939,0/0,Nm,deg
1,0,4,0,0,0,0,0,0,5,1.65,3815,0,0,1612,0/0,Nm,deg
7,5,1,0,0,0,0,0,0,0,0.13,1097,0,1,992,0/0,Nm,deg
7,0,0,0,0,0,0,0,0,4,4.56,293,0,1,1539,0/0,Nm,deg
7,0,4,0,0,0,0,0,0,2,2.17,3478,0,1,471,0/0,Nm,deg
7,0,4,0,0,0,0,0,0,4,4.2,923,0,1,496,0/0,Nm,deg
1,5,3,0,0,0,0,0,0,3,2.87,1595,0,0,1286,0/0,Nm,deg
7,0,1,0,0,0,0,0,0,5,3.1,2042,0,1,2134,0/0,Nm,deg
5,0,3,0,0,0,0,0,0,4,1.1,1934,0,0,1820,0/0,Nm,deg
7,0,3,0,0,0,0,0,0,2,4.83,5190,0,1,1863,0/0,Nm,deg
5,0,0,0,0,0,0,0,0,1,1.2,1775,0,1,1892,0/0,Nm,deg
5,0,4,0,0,0,0,0,0,4,1.78,3763,0,1,248,0/0,Nm,deg
7,0,4,0,0,0,0,0,0,4,2.25,935,0,1,511,0/0,Nm,deg
1,5,1,0,0,0,0,0,0,0,0.86,3007,0,0,1886,0/0,Nm,deg
5,0,0,0,0,0,0,0,0,0,2.91,3449,0,1,884,0/0,Nm,deg
1,5,0,0,0,0,0,0,0,0,3.24,3525,0,1,1493,0/0,Nm,deg
5,5,4,0,0,0,0,0,0,2,0.37,2079,0,0,1821,0/0,Nm,deg
1,0,1,0,0,0,0,0,0,3,4.67,3896,0,0,1553,0/0,Nm,deg
1,5,3,0,0,0,0,0,0,5,1.33,4837,0,0,1098,0/0,Nm,deg
1,5,3,0,0,0,0,0,0,2,0.97,4800,0,0,1668,0/0,Nm,deg
7,0,3,0,0,0,0,0,0,1,1.61,3273,0,0,446,0/0,Nm,deg
7,0,2,0,0,0,0,0,0,5,3.39,1754,0,1,2075,0/0,Nm,deg
5,0,4,0,0,0,0,0,0,1,1.43,3572,0,1,1786,0/0,Nm,deg
5,0,2,0,0,0,0,0,0,1,3.16,263,0,1,1958,0/0,Nm,deg
1,0,1,0,0,0,0,0,0,1,2.88,750,0,1,1081,0/0,Nm,deg
1,5,2,0,0,0,0,0,0,1,2.99,2553,0,0,1611,0/0,Nm,deg
7,0,0,0,0,0,0,0,0,0,2.64,1005,0,1,2094,0/0,Nm,deg
7,0,0,0,0,0,0,0,0,5,3.88,1903,0,1,398,0/0,Nm,deg
7,5,0,0,0,0,0,0,0,4,1.4,2692,0,1,1281,0/0,Nm,deg
5,5,1,0,0,0,0,0,0,4,2.9,836,0,1,1879,0/0,Nm,deg
7,5,3,0,0,0,0,0,0,5,4.72,3274,0,0,888,0/0,Nm,deg
5,5,3,0,0,0,0,0,0,1,4.02,129,0,0,635,0/0,Nm,deg
1,5,0,0,0,0,0,0,0,5,4.07,2647,0,0,776,0/0,Nm,deg
7,5,3,0,0,0,0,0,0,5,0.24,4461,0,1,1230,0/0,Nm,deg
5,0,3,0,0,0,0,0,0,1,4.21,3818,0,0,1801,0/0,Nm,deg
5,0,2,0,0,0,0,0,0,0,3.47,3056,0,1,1853,0/0,Nm,deg
1,5,3,0,0,0,0,0,0,5,0.24,4794,0,1,1385,0/0,Nm,deg
1,5,3,0,0,0,0,0,0,2,1.9,420,0,1,1472,0/0,Nm,deg
5,0,0,0,0,0,0,0,0,4,0.19,3246,0,0,1735,0/0,Nm,deg
7,0,3,0,0,0,0,0,0,0,3.9,4683,0,1,228,0/0,Nm,deg
1,0,3,0,0,0,0,0,0,2,3.56,1157,0,0,794,0/0,Nm,deg
5,0,3,0,0,0,0,0,0,0,1.5,4655,0,1,169,0/0,Nm,deg
7,5,3,0,0,0,0,0,0,2,1.09,720,0,0,1956,0/0,Nm,deg
5,5,4,0,0,0,0,0,0,4,3.44,2398,0,1,1189,0/0,Nm,deg
5,5,1,0,0,0,0,0,0,4,4.77,3922,0,1,606,0/0,Nm,deg
5,0,2,0,0,0,0,0,0,2,2.84,3979,0,1,2086,0/0,Nm,deg
7,0,2,0,0,0,0,0,0,4,1.1,3245,0,1,104,0/0,Nm,deg
1,0,2,0,0,0,0,0,0,0,3.79,113,0,1,312,0/0,Nm,deg
1,0,0,0,0,0,0,0,0,3,1.78,47,0,0,2069,0/0,Nm,deg
1,5,0,0,0,0,0,0,0,4,2.39,2289,0,0,1330,0/0,Nm,deg
7,5,1,0,0,0,0,0,0,5,4.38,4853,0,0,578,0/0,Nm,deg
1,5,4,0,0,0,0,0,0,1,4.77,971,0,0,1862,0/0,Nm,deg
5,0,3,0,0,0,0,0,0,0,4.71,1128,0,1,1681,0/0,Nm,deg
7,5,1,0,0,0,0,0,0,1,3.95,2751,0,1,2086,0/0,Nm,deg
5,0,4,0,0,0,0,0,0,1,1.15,3279,0,1,2027,0/0,Nm,deg
1,0,0,0,0,0,0,0,0,1,4.0,4566,0,0,740,0/0,Nm,deg
7,5,3,0,0,0,0,0,0,0,2.72,4809,0,0,535,0/0,Nm,deg
7,0,3,0,0,0,0,0,0,1,4.12,4747,0,1,2103,0/0,Nm,deg
7,0,4,0,0,0,0,0,0,5,2.55,113,0,0,1434,0/0,Nm,deg
5,0,3,0,0,0,0,0,0,5,3.58,5030,0,1,266,0/0,Nm,deg
7,0,4,0,0,0,0,0,0,2,3.77,1115,0,0,877,0/0,Nm,deg
5,5,4,0,0,0,0,0,0,5,0.81,203,0,1,1075,0/0,Nm,deg
1,5,4,0,0,0,0,0,0,1,2.11,2702,0,0,838,0/0,Nm,deg
7,5,1,0,0,0,0,0,0,1,2.78,1486,0,1,185,0/0,Nm,deg
1,5,1,0,0,0,0,0,0,3,0.89,712,0,1,1350,0/0,Nm,deg
1,0,1,0,0,0,0,0,0,5,4.56,683,0,0,253,0/0,Nm,deg
5,0,2,0,0,0,0,0,0,1,2.21,2553,0,1,2012,0/0,Nm,deg
5,0,2,0,0,0,0,0,0,2,3.74,861,0,1,472,0/0,Nm,deg
7,5,4,0,0,0,0,0,0,4,3.42,3770,0,0,37,0/0,Nm,deg
5,0,3,0,0,0,0,0,0,2,3.75,1690,0,1,1420,0/0,Nm,deg
1,0,0,0,0,0,0,0,0,2,2.52,3406,0,1,2044,0/0,Nm,deg
1,5,0,0,0,0,0,0,0,4,1.01,4518,0,1,2070,0/0,Nm,deg
7,5,2,0,0,0,0,0,0,2,2.9,4990,0,1,640,0/0,Nm,deg
7,0,3,0,0,0,0,0,0,0,0.03,2320,0,1,731,0/0,Nm,deg
5,5,1,0,0,0,0,0,0,3,1.82,1541,0,1,446,0/0,Nm,deg
5,5,0,0,0,0,0,0,0,2,4.35,3191,0,1,1807,0/0,Nm,deg
5,0,4,0,0,0,0,0,0,1,2.4,606,0,1,1856,0/0,Nm,deg
7,0,1,0,0,0,0,0,0,1,2.84,3986,0,0,1914,0/0,Nm,deg
7,5,1,0,0,0,0,0,0,0,2.81,145,0,1,462,0/0,Nm,deg
7,0,4,0,0,0,0,0,0,4,0.59,2044,0,0,224,0/0,Nm,deg
1,0,2,0,0,0,0,0,0,2,2.3,1347,0,1,916,0/0,Nm,deg
1,5,4,0,0,0,0,0,0,3,4.29,593,0,0,783,0/0,Nm,deg
7,0,1,0,0,0,0,0,0,4,2.8,4547,0,0,1978,0/0,Nm,deg
7,0,3,0,0,0,0,0,0,4,1.59,3943,0,1,860,0/0,Nm,deg
7,0,0,0,0,0,0,0,0,2,3.39,4228,0,1,304,0/0,Nm,deg
1,5,2,0,0,0,0,0,0,3,4.03,3759,0,0,260,0/0,Nm,deg
1,5,4,0,0,0,0,0,0,0,4.31,2860,0,1,724,0/0,Nm,deg
7,5,2,0,0,0,0,0,0,1,0.08,740,0,1,1527,0/0,Nm,deg
1,5,4,0,0,0,0,0,0,0,3.49,5065,0,1,1762,0/0,Nm,deg
1,0,4,0,0,0,0,0,0,2,0.01,2977,0,0,1601,0/0,Nm,deg
5,5,0,0,0,0,0,0,0,3,0.36,3853,0,0,679,0/0,Nm,deg
7,0,3,0,0,0,0,0,0,1,1.79,2922,0,0,1798,0/0,Nm,deg
1,0,2,0,0,0,0,0,0,1,2.65,2268,0,0,1488,0/0,Nm,deg
5,5,3,0,0,0,0,0,0,1,4.86,4376,0,0,1670,0/0,Nm,deg
7,5,0,0,0,0,0,0,0,5,3.25,1155,0,1,1068,0/0,Nm,deg
1,5,4,0,0,0,0,0,0,5,0.08,2191,0,0,2032,0/0,Nm,deg
5,0,0,0,0,0,0,0,0,5,1.93,2755,0,0,752,0/0,Nm,deg
1,0,4,0,0,0,0,0,0,5,0.14,3527,0,1,819,0/0,Nm,deg
5,5,0,0,0,0,0,0,0,1,3.17,5206,0,1,1785,0/0,Nm,deg
5,5,0,0,0,0,0,0,0,0,0.92,3380,0,1,272,0/0,Nm,deg
5,5,1,0,0,0,0,0,0,2,1.98,1281,0,1,456,0/0,Nm,deg
1,0,0,0,0,0,0,0,0,2,1.75,1176,0,0,466,0/0,Nm,deg
1,5,2,0,0,0,0,0,0,1,0.56,3934,0,0,1752,0/0,Nm,deg
7,5,1,0,0,0,0,0,0,5,2.93,4825,0,1,845,0/0,Nm,deg
7,0,4,0,0,0,0,0,0,0,4.02,323,0,0,181,0/0,Nm,deg
7,5,0,0,0,0,0,0,0,1,2.85,2387,0,0,1289,0/0,Nm,deg
1,5,0,0,0,0,0,0,0,1,4.01,2379,0,1,1074,0/0,Nm,deg
7,5,3,0,0,0,0,0,0,2,2.64,365,0,0,359,0/0,Nm,deg
1,5,3,0,0,0,0,0,0,1,3.62,3507,0,1,593,0/0,Nm,deg
1,5,0,0,0,0,0,0,0,1,0.1,4937,0,0,1095,0/0,Nm,deg
1,0,1,0,0,0,0,0,0,0,0.12,4522,0,1,594,0/0,Nm,deg
5,0,3,0,0,0,0,0,0,5,2.73,2698,0,1,687,0/0,Nm,deg
5,0,2,0,0,0,0,0,0,0,1.72,3088,0,0,1155,0/0,Nm,deg
7,0,2,0,0,0,0,0,0,1,0.93,709,0,0,2114,0/0,Nm,deg
1,5,3,0,0,0,0,0,0,1,3.71,2560,0,1,876,0/0,Nm,deg
7,5,3,0,0,0,0,0,0,0,4.24,143,0,0,167,0/0,Nm,deg
5,5,3,0,0,0,0,0,0,5,4.22,3509,0,1,829,0/0,Nm,deg
7,5,1,0,0,0,0,0,0,4,4.79,33,0,1,1625,0/0,Nm,deg
7,0,2,0,0,0,0,0,0,4,0.38,2378,0,0,1562,0/0,Nm,deg
1,0,3,0,0,0,0,0,0,2,4.9,55,0,0,276,0/0,Nm,deg
7,0,4,0,0,0,0,0,0,0,2.16,2048,0,1,977,0/0,Nm,deg
5,0,1,0,0,0,0,0,0,4,0.86,1514,0,0,852,0/0,Nm,deg
5,5,4,0,0,0,0,0,0,1,2.86,4876,0,0,287,0/0,Nm,deg
5,5,1,0,0,0,0,0,0,4,3.74,4680,0,0,210,0/0,Nm,deg
5,5,1,0,0,0,0,0,0,2,3.56,1721,0,0,936,0/0,Nm,deg
5,5,3,0,0,0,0,0,0,4,4.45,2030,0,1,905,0/0,Nm,deg
7,5,3,0,0,0,0,0,0,2,1.45,3619,0,1,407,0/0,Nm,deg
7,0,2,0,0,0,0,0,0,0,1.91,4737,0,1,2109,0/0,Nm,deg
1,0,2,0,0,0,0,0,0,5,1.37,4344,0,0,1764,0/0,Nm,deg
1,0,1,0,0,0,0,0,0,4,2.03,2776,0,1,439,0/0,Nm,deg
7,5,4,0,0,0,0,0,0,3,1.71,1516,0,0,1796,0/0,Nm,deg
1,0,0,0,0,0,0,0,0,1,0.4,1344,0,0,217,0/0,Nm,deg
7,5,3,0,0,0,0,0,0,0,2.69,2981,0,1,1690,0/0,Nm,deg
1,5,4,0,0,0,0,0,0,1,4.06,1120,0,0,1852,0/0,Nm,deg
1,0,3,0,0,0,0,0,0,4,2.55,4287,0,0,292,0/0,Nm,deg
1,0,3,0,0,0,0,0,0,2,4.24,3791,0,1,485,0/0,Nm,deg
1,0,2,0,0,0,0,0,0,1,4.54,1993,0,0,1373,0/0,Nm,deg
7,5,2,0,0,0,0,0,0,0,2.28,3809,0,1,921,0/0,Nm,deg
5,5,4,0,0,0,0,0,0,0,0.33,4603,0,0,673,0/0,Nm,deg
1,0,2,0,0,0,0,0,0,1,3.19,784,0,0,181,0/0,Nm,deg
5,5,1,0,0,0,0,0,0,5,3.61,4725,0,1,1183,0/0,Nm,deg
5,0,3,0,0,0,0,0,0,3,2.19,3197,0,1,1069,0/0,Nm,deg
5,5,4,0,0,0,0,0,0,4,1.7,922,0,1,1650,0/0,Nm,deg
7,0,1,0,0,0,0,0,0,0,4.43,620,0,0,1888,0/0,Nm,deg
1,0,1,0,0,0,0,0,0,2,0.09,1008,0,1,102,0/0,Nm,deg
1,0,3,0,0,0,0,0,0,0,0.02,3862,0,1,2120,0/0,Nm,deg
7,5,3,0,0,0,0,0,0,1,4.33,4789,0,1,1257,0/0,Nm,deg
7,5,4,0,0,0,0,0,0,1,4.17,3651,0,0,225,0/0,Nm,deg
7,5,4,0,0,0,0,0,0,3,2.17,4097,0,1,1927,0/0,Nm,deg
5,0,1,0,0,0,0,0,0,5,3.0,3428,0,1,60,0/0,Nm,deg
5,5,2,0,0,0,0,0,0,0,0.84,2116,0,0,85,0/0,Nm,deg
7,5,4,0,0,0,0,0,0,5,3.56,3649,0,1,752,0/0,Nm,deg
1,0,4,0,0,0,0,0,0,1,4.19,2541,0,1,2141,0/0,Nm,deg
5,5,0,0,0,0,0,0,0,0,2.54,4280,0,1,1424,0/0,Nm,deg
5,5,4,0,0,0,0,0,0,5,1.31,1097,0,1,1681,0/0,Nm,deg
1,0,0,0,0,0,0,0,0,4,5.03,4122,0,0,1388,0/0,Nm,deg
1,0,2,0,0,0,0,0,0,2,4.39,2860,0,0,135,0/0,Nm,deg
1,0,3,0,0,0,0,0,0,4,3.48,572,0,0,1491,0/0,Nm,deg
1,0,1,0,0,0,0,0,0,3,4.51,2966,0,1,1504,0/0,Nm,deg
1,5,2,0,0,0,0,0,0,4,4.29,1709,0,1,1815,0/0,Nm,deg
5,0,1,0,0,0,0,0,0,5,4.79,2992,0,1,1215,0/0,Nm,deg
7,0,0,0,0,0,0,0,0,0,3.47,1535,0,1,185,0/0,Nm,deg
5,0,2,0,0,0,0,0,0,3,0.0,3300,0,1,802,0/0,Nm,deg
7,0,0,0,0,0,0,0,0,3,3.62,3165,0,1,20,0/0,Nm,deg
5,0,0,0,0,0,0,0,0,5,0.66,3150,0,0,5,0/0,Nm,deg
5,0,2,0,0,0,0,0,0,2,0.42,198,0,0,801,0/0,Nm,deg
5,0,1,0,0,0,0,0,0,1,2.74,1837,0,0,1169,0/0,Nm,deg
7,5,4,0,0,0,0,0,0,0,4.64,2158,0,0,693,0/0,Nm,deg
7,5,0,0,0,0,0,0,0,5,0.23,3556,0,0,897,0/0,Nm,deg
5,0,0,0,0,0,0,0,0,4,2.15,1333,0,0,746,0/0,Nm,deg
1,0,3,0,0,0,0,0,0,1,0.68,4201,0,1,159,0/0,Nm,deg
7,5,3,0,0,0,0,0,0,3,2.14,2854,0,0,1556,0/0,Nm,deg
1,5,1,0,0,0,0,0,0,2,2.36,2987,0,0,1100,0/0,Nm,deg
7,0,0,0,0,0,0,0,0,0,3.65,1947,0,1,1829,0/0,Nm,deg
7,0,1,0,0,0,0,0,0,3,1.18,3120,0,0,791,0/0,Nm,deg
5,5,3,0,0,0,0,0,0,4,3.65,3855,0,1,1540,0/0,Nm,deg
1,5,0,0,0,0,0,0,0,2,1.16,305,0,1,1496,0/0,Nm,deg
1,5,3,0,0,0,0,0,0,0,0.85,1347,0,0,1975,0/0,Nm,deg
5,0,2,0,0,0,0,0,0,3,3.87,4097,0,0,1998,0/0,Nm,deg
1,0,0,0,0,0,0,0,0,4,3.83,292,0,1,1955,0/0,Nm,deg
1,0,2,0,0,0,0,0,0,0,2.68,4011,0,0,1138,0/0,Nm,deg
5,5,4,0,0,0,0,0,0,4,2.43,3720,0,1,1919,0/0,Nm,deg
7,0,0,0,0,0,0,0,0,2,1.72,1289,0,0,560,0/0,Nm,deg
5,0,3,0,0,0,0,0,0,5,0.87,1298,0,0,819,0/0,Nm,deg
5,0,4,0,0,0,0,0,0,0,4.16,3223,0,1,1939,0/0,Nm,deg
7,5,0,0,0,0,0,0,0,4,2.5,4878,0,0,1543,0/0,Nm,deg
1,5,1,0,0,0,0,0,0,0,3.16,4220,0,0,2063,0/0,Nm,deg
7,0,2,0,0,0,0,0,0,2,4.3,748,0,1,1283,0/0,Nm,deg
1,5,1,0,0,0,0,0,0,0,4.03,799,0,1,260,0/0,Nm,deg
1,0,3,0,0,0,0,0,0,4,4.62,4683,0,0,917,0/0,Nm,deg
5,5,3,0,0,0,0,0,0,2,2.0,2993,0,0,46,0/0,Nm,deg
5,5,2,0,0,0,0,0,0,2,3.87,2699,0,0,1730,0/0,Nm,deg
1,5,0,0,0,0,0,0,0,3,2.87,677,0,0,566,0/0,Nm,deg
5,5,1,0,0,0,0,0,0,5,1.42,1818,0,1,1845,0/0,Nm,deg
1,5,1,0,0,0,0,0,0,3,2.64,3443,0,0,1171,0/0,Nm,deg
7,5,0,0,0,0,0,0,0,0,3.91,4656,0,0,2066,0/0,Nm,deg
7,0,3,0,0,0,0,0,0,5,3.8,1904,0,0,1339,0/0,Nm,deg
1,5,1,0,0,0,0,0,0,0,0.31,1627,0,1,421,0/0,Nm,deg
5,0,2,0,0,0,0,0,0,2,3.06,2724,0,0,731,0/0,Nm,deg
1,0,0,0,0,0,0,0,0,0,2.73,4100,0,0,2045,0/0,Nm,deg
5,0,4,0,0,0,0,0,0,1,0.0,3544,0,0,1379,0/0,Nm,deg
5,5,2,0,0,0,0,0,0,5,2.85,71,0,0,1433,0/0,Nm,deg
5,0,1,0,0,0,0,0,0,1,4.14,422,0,1,122,0/0,Nm,deg
1,0,3,0,0,0,0,0,0,2,1.72,88,0,1,862,0/0,Nm,deg
7,5,2,0,0,0,0,0,0,1,4.74,3625,0,1,2002,0/0,Nm,deg
7,5,4,0,0,0,0,0,0,3,0.12,4468,0,1,169,0/0,Nm,deg
5,5,2,0,0,0,0,0,0,3,1.4,5129,0,0,991,0/0,Nm,deg
1,5,0,0,0,0,0,0,0,1,1.16,1119,0,1,371,0/0,Nm,deg
1,0,4,0,0,0,0,0,0,4,2.86,3203,0,0,243,0/0,Nm,deg
5,0,2,0,0,0,0,0,0,1,0.51,1980,0,1,1043,0/0,Nm,deg
5,0,4,0,0,0,0,0,0,2,4.16,1732,0,0,167,0/0,Nm,deg
1,5,1,0,0,0,0,0,0,4,0.3,3494,0,0,2006,0/0,Nm,deg
5,0,0,0,0,0,0,0,0,5,1.78,3991,0,0,1942,0/0,Nm,deg
5,5,0,0,0,0,0,0,0,2,3.67,2428,0,0,315,0/0,Nm,deg
7,5,1,0,0,0,0,0,0,2,1.79,3889,0,1,1000,0/0,Nm,deg
7,5,0,0,0,0,0,0,0,0,0.23,4816,0,1,204,0/0,Nm,deg
1,5,2,0,0,0,0,0,0,3,2.82,1601,0,0,2105,0/0,Nm,deg
7,5,2,0,0,0,0,0,0,5,1.11,3651,0,0,1207,0/0,Nm,deg
7,5,2,0,0,0,0,0,0,4,2.57,3159,0,0,545,0/0,Nm,deg
7,0,4,0,0,0,0,0,0,1,0.09,3556,0,0,1983,0/0,Nm,deg
5,5,0,0,0,0,0,0,0,2,1.23,5071,0,1,696,0/0,Nm,deg
5,0,3,0,0,0,0,0,0,0,3.77,98,0,1,1277,0/0,Nm,deg
7,5,0,0,0,0,0,0,0,0,3.12,492,0,1,455,0/0,Nm,deg
7,5,4,0,0,0,0,0,0,4,3.22,1276,0,0,1458,0/0,Nm,deg
1,0,3,0,0,0,0,0,0,3,1.85,2160,0,1,785,0/0,Nm,deg
1,0,0,0,0,0,0,0,0,4,1.73,4919,0,1,820,0/0,Nm,deg
1,5,3,0,0,0,0,0,0,1,1.65,3510,0,0,1968,0/0,Nm,deg
1,5,2,0,0,0,0,0,0,1,1.36,1166,0,0,729,0/0,Nm,deg
5,0,2,0,0,0,0,0,0,2,2.24,1543,0,0,777,0/0,Nm,deg
5,0,0,0,0,0,0,0,0,1,3.81,2089,0,0,604,0/0,Nm,deg
5,0,0,0,0,0,0,0,0,0,3.14,1678,0,1,1711,0/0,Nm,deg
1,0,0,0,0,0,0,0,0,2,2.18,4570,0,1,1556,0/0,Nm,deg
7,0,2,0,0,0,0,0,0,3,3.75,2492,0,0,1119,0/0,Nm,deg
7,5,1,0,0,0,0,0,0,5,0.2,10,0,1,1329,0/0,Nm,deg
1,0,2,0,0,0,0,0,0,4,2.82,157,0,0,948,0/0,Nm,deg
5,5,0,0,0,0,0,0,0,3,2.91,3865,0,1,1639,0/0,Nm,deg
7,5,3,0,0,0,0,0,0,3,3.14,1063,0,1,1459,0/0,Nm,deg
7,0,1,0,0,0,0,0,0,3,4.91,2675,0,1,1966,0/0,Nm,deg
1,5,3,0,0,0,0,0,0,4,0.88,2958,0,1,2078,0/0,Nm,deg
5,5,3,0,0,0,0,0,0,3,3.22,4339,0,1,1225,0/0,Nm,deg
5,0,3,0,0,0,0,0,0,3,0.9,3671,0,1,1118,0/0,Nm,deg
7,5,1,0,0,0,0,0,0,4,4.55,3449,0,1,813,0/0,Nm,deg
5,0,4,0,0,0,0,0,0,1,3.97,3469,0,0,389,0/0,Nm,deg
1,0,1,0,0,0,0,0,0,5,3.26,501,0,1,116,0/0,Nm,deg
5,5,4,0,0,0,0,0,0,2,0.84,2049,0,0,1395,0/0,Nm,deg
7,0,2,0,0,0,0,0,0,0,1.05,1031,0,0,955,0/0,Nm,deg
7,0,0,0,0,0,0,0,0,5,0.63,3515,0,0,119,0/0,Nm,deg
5,0,0,0,0,0,0,0,0,5,4.56,2591,0,0,1866,0/0,Nm,deg
5,0,2,0,0,0,0,0,0,1,2.24,2237,0,1,207,0/0,Nm,deg
7,0,3,0,0,0,0,0,0,3,3.78,1850,0,0,2043,0/0,Nm,deg
7,0,4,0,0,0,0,0,0,1,2.26,2272,0,0,767,0/0,Nm,deg
1,5,4,0,0,0,0,0,0,3,3.53,239,0,0,1537,0/0,Nm,deg
7,5,4,0,0,0,0,0,0,2,1.44,963,0,0,119,0/0,Nm,deg
7,5,4,0,0,0,0,0,0,4,3.58,3256,0,1,160,0/0,Nm,deg
5,0,1,0,0,0,0,0,0,0,2.93,4072,0,0,526,0/0,Nm,deg
1,5,1,0,0,0,0,0,0,4,4.0,684,0,0,228,0/0,Nm,deg
1,0,3,0,0,0,0,0,0,0,0.37,399,0,1,2041,0/0,Nm,deg
7,0,4,0,0,0,0,0,0,1,2.37,4970,0,1,2016,0/0,Nm,deg
7,5,0,0,0,0,0,0,0,1,2.15,30,0,0,1386,0/0,Nm,deg
7,5,3,0,0,0,0,0,0,2,2.25,3322,0,0,249,0/0,Nm,deg
1,0,4,0,0,0,0,0,0,5,0.43,3759,0,1,1739,0/0,Nm,deg
1,0,4,0,0,0,0,0,0,3,3.84,692,0,0,1810,0/0,Nm,deg
5,5,3,0,0,0,0,0,0,0,2.66,5003,0,1,40,0/0,Nm,deg
1,5,0,0,0,0,0,0,0,2,3.77,3525,0,1,136,0/0,Nm,deg
5,5,1,0,0,0,0,0,0,1,0.04,403,0,0,1389,0/0,Nm,deg
7,0,3,0,0,0,0,0,0,1,1.92,723,0,0,1473,0/0,Nm,deg
5,5,3,0,0,0,0,0,0,5,3.63,2340,0,0,1685,0/0,Nm,deg
1,5,0,0,0,0,0,0,0,5,4.68,2324,0,0,1007,0/0,Nm,deg
1,0,0,0,0,0,0,0,0,5,4.34,2617,0,1,2053,0/0,Nm,deg
5,0,0,0,0,0,0,0,0,3,2.75,1587,0,1,428,0/0,Nm,deg
5,5,4,0,0,0,0,0,0,5,3.02,4161,0,0,872,0/0,Nm,deg
7,0,4,0,0,0,0,0,0,3,1.03,1456,0,1,844,0/0,Nm,deg
1,5,1,0,0,0,0,0,0,3,4.44,3939,0,1,2034,0/0,Nm,deg
1,0,1,0,0,0,0,0,0,2,4.33,4811,0,0,352,0/0,Nm,deg
5,5,2,0,0,0,0,0,0,3,2.07,5051,0,0,1206,0/0,Nm,deg
5,0,4,0,0,0,0,0,0,2,0.03,4429,0,1,493,0/0,Nm,deg
7,5,0,0,0,0,0,0,0,5,0.48,4269,0,1,1286,0/0,Nm,deg
1,5,3,0,0,0,0,0,0,1,1.79,3730,0,0,1528,0/0,Nm,deg
1,5,2,0,0,0,0,0,0,5,2.67,962,0,0,1667,0/0,Nm,deg
7,0,4,0,0,0,0,0,0,0,4.54,3389,0,0,516,0/0,Nm,deg
5,5,3,0,0,0,0,0,0,0,3.84,3090,0,1,1406,0/0,Nm,deg
1,0,1,0,0,0,0,0,0,4,4.26,4169,0,1,1600,0/0,Nm,deg
5,5,4,0,0,0,0,0,0,5,1.29,3498,0,0,1016,0/0,Nm,deg
1,5,4,0,0,0,0,0,0,5,1.57,850,0,0,1409,0/0,Nm,deg
5,0,2,0,0,0,0,0,0,0,1.98,92,0,1,2048,0/0,Nm,deg
1,5,4,0,0,0,0,0,0,3,4.03,4132,0,1,2108,0/0,Nm,deg
1,0,1,0,0,0,0,0,0,0,0.71,375,0,1,783,0/0,Nm,deg
5,0,1,0,0,0,0,0,0,0,3.6,3175,0,0,533,0/0,Nm,deg
7,5,2,0,0,0,0,0,0,2,0.28,4011,0,0,844,0/0,Nm,deg
5,5,1,0,0,0,0,0,0,5,1.08,729,0,0,1957,0/0,Nm,deg
1,5,3,0,0,0,0,0,0,0,2.32,1414,0,0,1287,0/0,Nm,deg
1,5,0,0,0,0,0,0,0,3,4.14,2201,0,1,860,0/0,Nm,deg
5,5,4,0,0,0,0,0,0,5,3.38,1221,0,1,2054,0/0,Nm,deg
5,5,0,0,0,0,0,0,0,3,3.49,208,0,0,597,0/0,Nm,deg
7,0,2,0,0,0,0,0,0,0,4.01,4961,0,0,6,0/0,Nm,deg
5,5,0,0,0,0,0,0,0,0,3.95,4840,0,0,98,0/0,Nm,deg
5,5,0,0,0,0,0,0,0,5,1.24,1147,0,1,1600,0/0,Nm,deg
5,5,4,0,0,0,0,0,0,4,2.82,1217,0,0,63,0/0,Nm,deg
7,0,4,0,0,0,0,0,0,0,4.05,4078,0,0,236,0/0,Nm,deg
5,5,0,0,0,0,0,0,0,2,5.02,4045,0,0,1630,0/0,Nm,deg
1,5,4,0,0,0,0,0,0,5,4.62,4734,0,1,1695,0/0,Nm,deg
1,5,3,0,0,0,0,0,0,5,4.35,3055,0,0,242,0/0,Nm,deg
5,0,3,0,0,0,0,0,0,2,4.42,3179,0,1,770,0/0,Nm,deg
1,0,2,0,0,0,0,0,0,4,3.5,4647,0,0,1326,0/0,Nm,deg
5,0,4,0,0,0,0,0,0,0,2.39,1792,0,0,1401,0/0,Nm,deg
5,5,3,0,0,0,0,0,0,3,3.39,2212,0,0,2033,0/0,Nm,deg
7,0,1,0,0,0,0,0,0,5,0.18,2089,0,0,1021,0/0,Nm,deg
5,5,2,0,0,0,0,0,0,1,3.39,4755,0,0,598,0/0,Nm,deg
7,0,3,0,0,0,0,0,0,4,2.94,620,0,0,33,0/0,Nm,deg
5,5,4,0,0,0,0,0,0,0,3.33,4280,0,1,612,0/0,Nm,deg
7,0,4,0,0,0,0,0,0,4,4.7,2392,0,1,869,0/0,Nm,deg
1,5,1,0,0,0,0,0,0,5,1.47,4367,0,1,1461,0/0,Nm,deg
7,0,1,0,0,0,0,0,0,4,4.73,1847,0,0,352,0/0,Nm,deg
1,0,1,0,0,0,0,0,0,0,3.11,5152,0,1,1921,0/0,Nm,deg
7,0,0,0,0,0,0,0,0,5,3.31,1345,0,1,112,0/0,Nm,deg
5,5,0,0,0,0,0,0,0,4,2.51,2129,0,1,972,0/0,Nm,deg
5,5,1,0,0,0,0,0,0,0,0.4,491,0,1,336,0/0,Nm,deg
7,0,4,0,0,0,0,0,0,0,4.11,1220,0,1,444,0/0,Nm,deg
7,0,3,0,0,0,0,0,0,5,1.21,3839,0,0,1078,0/0,Nm,deg
5,5,4,0,0,0,0,0,0,0,1.94,2882,0,0,248,0/0,Nm,deg
1,0,2,0,0,0,0,0,0,3,3.98,1057,0,1,548,0/0,Nm,deg
5,5,2,0,0,0,0,0,0,1,1.83,568,0,0,509,0/0,Nm,deg
5,5,0,0,0,0,0,0,0,3,2.79,2171,0,1,1019,0/0,Nm,deg
1,5,0,0,0,0,0,0,0,4,4.67,3896,0,1,1539,0/0,Nm,deg
1,5,3,0,0,0,0,0,0,0,4.28,4185,0,1,1014,0/0,Nm,deg
1,5,3,0,0,0,0,0,0,1,3.1,2604,0,0,41,0/0,Nm,deg
1,5,4,0,0,0,0,0,0,2,3.34,2977,0,0,1138,0/0,Nm,deg
1,5,0,0,0,0,0,0,0,1,3.11,4498,0,1,1980,0/0,Nm,deg
5,5,4,0,0,0,0,0,0,4,2.2,4986,0,0,1039,0/0,Nm,deg
7,0,2,0,0,0,0,0,0,3,2.66,2080,0,0,158,0/0,Nm,deg
5,0,2,0,0,0,0,0,0,5,4.52,2045,0,1,492,0/0,Nm,deg
7,0,3,0,0,0,0,0,0,3,2.11,3331,0,1,560,0/0,Nm,deg
7,5,4,0,0,0,0,0,0,5,1.41,1287,0,0,128,0/0,Nm,deg
5,0,0,0,0,0,0,0,0,4,2.89,5087,0,0,452,0/0,Nm,deg
5,0,0,0,0,0,0,0,0,3,4.85,2256,0,0,1076,0/0,Nm,deg
7,0,3,0,0,0,0,0,0,2,0.39,3105,0,1,1169,0/0,Nm,deg
1,0,1,0,0,0,0,0,0,0,3.96,1541,0,1,889,0/0,Nm,deg
7,5,2,0,0,0,0,0,0,2,3.73,4064,0,1,415,0/0,Nm,deg
7,0,0,0,0,0,0,0,0,0,1.92,1748,0,1,102,0/0,Nm,deg
5,5,2,0,0,0,0,0,0,0,1.08,983,0,1,1676,0/0,Nm,deg
1,5,3,0,0,0,0,0,0,5,3.83,4315,0,0,1474,0/0,Nm,deg
1,0,3,0,0,0,0,0,0,5,4.39,1505,0,1,245,0/0,Nm,deg
1,5,3,0,0,0,0,0,0,0,2.89,494,0,1,616,0/0,Nm,deg
1,0,1,0,0,0,0,0,0,2,3.91,5001,0,1,1756,0/0,Nm,deg
1,0,3,0,0,0,0,0,0,4,1.64,4982,0,0,834,0/0,Nm,deg
7,0,1,0,0,0,0,0,0,5,4.93,2136,0,0,1171,0/0,Nm,deg
1,5,3,0,0,0,0,0,0,2,1.75,3867,0,0,1024,0/0,Nm,deg
1,0,1,0,0,0,0,0,0,3,1.17,3704,0,0,485,0/0,Nm,deg
7,5,1,0,0,0,0,0,0,0,2.14,4106,0,0,623,0/0,Nm,deg
1,0,1,0,0,0,0,0,0,4,2.78,4285,0,0,28,0/0,Nm,deg
7,0,3,0,0,0,0,0,0,0,0.21,3551,0,1,1788,0/0,Nm,deg
7,0,1,0,0,0,0,0,0,4,3.01,2402,0,1,905,0/0,Nm,deg
7,5,1,0,0,0,0,0,0,0,2.33,4472,0,0,1190,0/0,Nm,deg
1,5,3,0,0,0,0,0,0,0,0.36,3757,0,1,1714,0/0,Nm,deg
7,5,3,0,0,0,0,0,0,0,3.24,2074,0,0,2042,0/0,Nm,deg
7,0,2,0,0,0,0,0,0,2,3.45,1651,0,1,1346,0/0,Nm,deg
5,0,3,0,0,0,0,0,0,4,4.78,3950,0,0,2056,0/0,Nm,deg
7,5,1,0,0,0,0,0,0,2,3.18,2739,0,1,1646,0/0,Nm,deg
5,0,4,0,0,0,0,0,0,3,3.48,1185,0,1,874,0/0,Nm,deg
1,5,2,0,0,0,0,0,0,5,1.86,1393,0,1,1317,0/0,Nm,deg
5,0,4,0,0,0,0,0,0,1,4.63,3281,0,0,2065,0/0,Nm,deg
5,5,1,0,0,0,0,0,0,1,4.26,4652,0,1,1732,0/0,Nm,deg
7,5,1,0,0,0,0,0,0,1,4.17,1627,0,1,1907,0/0,Nm,deg
5,5,3,0,0,0,0,0,0,0,3.26,4020,0,1,1999,0/0,Nm,deg
7,5,4,0,0,0,0,0,0,1,2.78,3042,0,0,1042,0/0,Nm,deg
7,5,4,0,0,0,0,0,0,4,1.65,21,0,0,1831,0/0,Nm,deg
1,5,2,0,0,0,0,0,0,3,4.55,2324,0,0,575,0/0,Nm,deg
1,0,2,0,0,0,0,0,0,1,4.63,2175,0,1,257,0/0,Nm,deg
7,5,3,0,0,0,0,0,0,5,3.51,992,0,0,1456,0/0,Nm,deg
7,0,3,0,0,0,0,0,0,4,2.01,4004,0,1,836,0/0,Nm,deg
5,5,0,0,0,0,0,0,0,0,4.96,4439,0,0,770,0/0,Nm,deg
7,5,0,0,0,0,0,0,0,1,1.39,4038,0,1,165,0/0,Nm,deg
1,0,1,0,0,0,0,0,0,0,3.29,3197,0,1,1632,0/0,Nm,deg
1,0,2,0,0,0,0,0,0,5,3.25,3461,0,0,1987,0/0,Nm,deg
5,5,4,0,0,0,0,0,0,5,4.51,715,0,1,1471,0/0,Nm,deg
1,0,0,0,0,0,0,0,0,2,2.1,4140,0,0,28,0/0,Nm,deg
5,5,0,0,0,0,0,0,0,2,3.53,3649,0,0,1038,0/0,Nm,deg
5,5,4,0,0,0,0,0,0,1,0.4,565,0,0,1129,0/0,Nm,deg
1,0,0,0,0,0,0,0,0,1,3.92,4543,0,1,279,0/0,Nm,deg
5,0,3,0,0,0,0,0,0,5,4.77,3275,0,1,676,0/0,Nm,deg
7,5,1,0,0,0,0,0,0,3,2.74,822,0,1,1305,0/0,Nm,deg
7,0,2,0,0,0,0,0,0,2,0.22,2782,0,0,918,0/0,Nm,deg
1,5,4,0,0,0,0,0,0,0,0.97,2615,0,1,1628,0/0,Nm,deg
5,5,0,0,0,0,0,0,0,0,2.65,1712,0,0,1406,0/0,Nm,deg
7,5,4,0,0,0,0,0,0,0,3.47,2621,0,1,1786,0/0,Nm,deg
7,0,0,0,0,0,0,0,0,5,2.6,2769,0,0,121,0/0,Nm,deg
5,5,0,0,0,0,0,0,0,0,1.3,2480,0,0,1600,0/0,Nm,deg
7,0,4,0,0,0,0,0,0,5,4.86,3343,0,1,1924,0/0,Nm,deg
5,0,0,0,0,0,0,0,0,2,5.01,1287,0,0,1851,0/0,Nm,deg
5,0,2,0,0,0,0,0,0,1,2.31,3172,0,1,31,0/0,Nm,deg
1,0,0,0,0,0,0,0,0,3,1.24,212,0,1,715,0/0,Nm,deg
1,0,0,0,0,0,0,0,0,2,2.53,2632,0,0,1661,0/0,Nm,deg
1,0,3,0,0,0,0,0,0,3,1.07,2405,0,0,2091,0/0,Nm,deg
5,5,0,0,0,0,0,0,0,0,0.25,3637,0,1,1009,0/0,Nm,deg
7,5,3,0,0,0,0,0,0,4,0.86,5026,0,1,1046,0/0,Nm,deg
1,0,2,0,0,0,0,0,0,5,0.45,3338,0,1,736,0/0,Nm,deg
1,5,4,0,0,0,0,0,0,5,1.24,673,0,1,1024,0/0,Nm,deg
7,0,3,0,0,0,0,0,0,1,3.83,1041,0,1,1320,0/0,Nm,deg
5,0,3,0,0,0,0,0,0,1,2.42,4000,0,1,1740,0/0,Nm,deg
1,5,1,0,0,0,0,0,0,3,0.24,721,0,0,254,0/0,Nm,deg
5,0,3,0,0,0,0,0,0,1,1.37,2005,0,0,234,0/0,Nm,deg
5,5,1,0,0,0,0,0,0,1,1.41,4822,0,1,1897,0/0,Nm,deg
7,5,0,0,0,0,0,0,0,5,3.98,3785,0,1,1251,0/0,Nm,deg
7,0,3,0,0,0,0,0,0,4,4.1,614,0,0,2062,0/0,Nm,deg
1,5,3,0,0,0,0,0,0,5,4.69,787,0,0,2100,0/0,Nm,deg
1,5,2,0,0,0,0,0,0,0,1.77,1795,0,0,1162,0/0,Nm,deg
5,0,3,0,0,0,0,0,0,0,4.36,1156,0,0,1960,0/0,Nm,deg
5,5,2,0,0,0,0,0,0,0,4.31,619,0,0,870,0/0,Nm,deg
5,5,3,0,0,0,0,0,0,5,1.74,4330,0,0,1170,0/0,Nm,deg
5,0,2,0,0,0,0,0,0,5,0.33,497,0,0,956,0/0,Nm,deg
1,5,3,0,0,0,0,0,0,1,4.15,2607,0,1,2082,0/0,Nm,deg
1,0,1,0,0,0,0,0,0,1,4.99,3901,0,1,1279,0/0,Nm,deg
7,0,2,0,0,0,0,0,0,1,1.06,4134,0,0,1011,0/0,Nm,deg
1,0,0,0,0,0,0,0,0,1,2.88,3778,0,1,72,0/0,Nm,deg
7,5,0,0,0,0,0,0,0,1,4.41,4729,0,0,1256,0/0,Nm,deg
1,0,3,0,0,0,0,0,0,1,4.64,2279,0,1,732,0/0,Nm,deg
7,0,3,0,0,0,0,0,0,3,2.85,1959,0,0,2029,0/0,Nm,deg
7,0,4,0,0,0,0,0,0,2,2.63,516,0,1,1637,0/0,Nm,deg
7,0,2,0,0,0,0,0,0,0,4.2,1272,0,1,878,0/0,Nm,deg
7,5,3,0,0,0,0,0,0,0,3.77,3153,0,0,1607,0/0,Nm,deg
1,0,3,0,0,0,0,0,0,4,3.22,358,0,1,38,0/0,Nm,deg
5,0,3,0,0,0,0,0,0,3,4.68,4546,0,1,1061,0/0,Nm,deg
7,0,2,0,0,0,0,0,0,3,2.47,4027,0,0,647,0/0,Nm,deg
5,0,3,0,0,0,0,0,0,1,2.61,1331,0,0,1729,0/0,Nm,deg
5,5,1,0,0,0,0,0,0,4,2.95,2133,0,0,1390,0/0,Nm,deg
7,5,0,0,0,0,0,0,0,4,0.93,2060,0,1,543,0/0,Nm,deg
5,5,4,0,0,0,0,0,0,1,4.86,2653,0,0,1207,0/0,Nm,deg
1,0,4,0,0,0,0,0,0,1,0.03,1608,0,0,829,0/0,Nm,deg
5,0,3,0,0,0,0,0,0,4,1.5,2671,0,1,1608,0/0,Nm,deg
7,5,1,0,0,0,0,0,0,0,3.87,4252,0,0,1996,0/0,Nm,deg
5,5,3,0,0,0,0,0,0,0,2.19,2367,0,0,39,0/0,Nm,deg
7,5,0,0,0,0,0,0,0,3,5.01,1490,0,0,1553,0/0,Nm,deg
5,5,1,0,0,0,0,0,0,2,2.8,4329,0,1,779,0/0,Nm,deg
1,5,0,0,0,0,0,0,0,3,1.79,3903,0,1,248,0/0,Nm,deg
1,5,4,0,0,0,0,0,0,3,0.52,3446,0,0,382,0/0,Nm,deg
7,5,2,0,0,0,0,0,0,2,4.98,4009,0,0,2032,0/0,Nm,deg
1,0,0,0,0,0,0,0,0,1,2.84,1033,0,1,522,0/0,Nm,deg
5,5,4,0,0,0,0,0,0,3,1.33,3804,0,1,17,0/0,Nm,deg
1,5,0,0,0,0,0,0,0,0,0.06,3598,0,0,543,0/0,Nm,deg
1,5,1,0,0,0,0,0,0,3,0.67,4963,0,1,1006,0/0,Nm,deg
7,5,2,0,0,0,0,0,0,3,3.98,4897,0,1,417,0/0,Nm,deg
5,0,1,0,0,0,0,0,0,3,0.43,4558,0,1,1991,0/0,Nm,deg
1,5,4,0,0,0,0,0,0,5,4.5,3063,0,1,431,0/0,Nm,deg
7,0,1,0,0,0,0,0,0,1,1.71,1520,0,0,1913,0/0,Nm,deg
7,5,3,0,0,0,0,0,0,2,1.39,2684,0,0,2126,0/0,Nm,deg
5,5,1,0,0,0,0,0,0,1,5.0,2336,0,0,312,0/0,Nm,deg
1,5,0,0,0,0,0,0,0,5,3.12,2444,0,0,1565,0/0,Nm,deg
7,5,2,0,0,0,0,0,0,1,4.52,4773,0,0,343,0/0,Nm,deg
1,0,1,0,0,0,0,0,0,3,0.26,4504,0,1,233,0/0,Nm,deg
1,0,0,0,0,0,0,0,0,0,3.34,938,0,0,1893,0/0,Nm,deg
1,0,2,0,0,0,0,0,0,2,4.76,3289,0,1,460,0/0,Nm,deg
5,0,4,0,0,0,0,0,0,0,4.44,4839,0,0,1200,0/0,Nm,deg
7,5,3,0,0,0,0,0,0,4,0.26,4781,0,0,1195,0/0,Nm,deg
5,5,3,0,0,0,0,0,0,5,1.75,184,0,1,1303,0/0,Nm,deg
7,5,4,0,0,0,0,0,0,3,1.36,3798,0,1,1973,0/0,Nm,deg
7,5,3,0,0,0,0,0,0,0,0.29,406,0,1,8,0/0,Nm,deg
5,5,2,0,0,0,0,0,0,5,1.1,5134,0,1,1552,0/0,Nm,deg
5,0,2,0,0,0,0,0,0,4,2.79,4158,0,1,871,0/0,Nm,deg
7,5,2,0,0,0,0,0,0,3,4.69,2897,0,0,1927,0/0,Nm,deg
7,5,4,0,0,0,0,0,0,1,3.28,3681,0,1,1459,0/0,Nm,deg
1,0,4,0,0,0,0,0,0,1,3.07,4822,0,0,15,0/0,Nm,deg
7,0,3,0,0,0,0,0,0,1,3.78,1865,0,1,1425,0/0,Nm,deg
5,5,1,0,0,0,0,0,0,5,4.63,1154,0,1,41,0/0,Nm,deg
5,5,4,0,0,0,0,0,0,4,4.79,1697,0,0,2096,0/0,Nm,deg
7,0,0,0,0,0,0,0,0,0,4.77,1136,0,0,1094,0/0,Nm,deg
7,0,4,0,0,0,0,0,0,4,4.14,3235,0,1,406,0/0,Nm,deg
1,5,1,0,0,0,0,0,0,1,2.09,4498,0,0,1101,0/0,Nm,deg
1,0,1,0,0,0,0,0,0,4,3.72,1609,0,1,1894,0/0,Nm,deg
7,5,4,0,0,0,0,0,0,2,2.07,3224,0,0,956,0/0,Nm,deg
5,5,1,0,0,0,0,0,0,0,1.14,2179,0,0,1851,0/0,Nm,deg
7,0,1,0,0,0,0,0,0,2,3.73,3389,0,1,1914,0/0,Nm,deg
5,5,1,0,0,0,0,0,0,5,1.57,1088,0,1,1794,0/0,Nm,deg
7,0,1,0,0,0,0,0,0,1,0.4,1026,0,0,811,0/0,Nm,deg
1,0,1,0,0,0,0,0,0,3,0.41,321,0,1,96,0/0,Nm,deg
5,0,3,0,0,0,0,0,0,5,3.73,1108,0,0,1322,0/0,Nm,deg
7,0,1,0,0,0,0,0,0,0,4.55,3870,0,0,1943,0/0,Nm,deg
5,5,4,0,0,0,0,0,0,0,2.87,852,0,1,927,0/0,Nm,deg
5,0,1,0,0,0,0,0,0,5,1.89,3651,0,1,1126,0/0,Nm,deg
5,0,4,0,0,0,0,0,0,2,1.68,1502,0,0,1286,0/0,Nm,deg
5,0,2,0,0,0,0,0,0,4,3.08,413,0,1,1523,0/0,Nm,deg
1,5,0,0,0,0,0,0,0,0,1.77,3268,0,0,618,0/0,Nm,deg
5,5,1,0,0,0,0,0,0,4,0.85,2918,0,1,1074,0/0,Nm,deg
1,0,4,0,0,0,0,0,0,1,3.87,1332,0,1,712,0/0,Nm,deg
7,5,2,0,0,0,0,0,0,4,2.16,1530,0,0,135,0/0,Nm,deg
1,5,0,0,0,0,0,0,0,4,1.17,2974,0,1,1852,0/0,Nm,deg
5,5,3,0,0,0,0,0,0,5,1.0,1898,0,0,1919,0/0,Nm,deg
1,5,2,0,0,0,0,0,0,4,0.01,41,0,0,1257,0/0,Nm,deg
1,5,0,0,0,0,0,0,0,4,0.16,3210,0,1,1906,0/0,Nm,deg
1,0,4,0,0,0,0,0,0,0,5.02,1963,0,0,1796,0/0,Nm,deg
5,0,2,0,0,0,0,0,0,4,2.12,4550,0,0,1916,0/0,Nm,deg
7,0,1,0,0,0,0,0,0,5,3.71,555,0,1,1980,0/0,Nm,deg
5,0,3,0,0,0,0,0,0,0,4.39,2584,0,1,666,0/0,Nm,deg
7,5,0,0,0,0,0,0,0,3,3.72,387,0,1,1958,0/0,Nm,deg
7,5,4,0,0,0,0,0,0,0,0.01,4902,0,1,1189,0/0,Nm,deg
5,0,3,0,0,0,0,0,0,1,3.47,1436,0,1,482,0/0,Nm,deg
7,5,2,0,0,0,0,0,0,1,4.03,1700,0,1,877,0/0,Nm,deg
1,0,3,0,0,0,0,0,0,4,0.91,3081,0,0,1387,0/0,Nm,deg
5,0,4,0,0,0,0,0,0,2,3.87,4235,0,0,1482,0/0,Nm,deg
1,0,4,0,0,0,0,0,0,0,0.13,4516,0,0,1055,0/0,Nm,deg
1,0,1,0,0,0,0,0,0,2,3.94,1461,0,1,1999,0/0,Nm,deg
5,5,3,0,0,0,0,0,0,2,2.17,4383,0,0,645,0/0,Nm,deg
7,5,1,0,0,0,0,0,0,1,4.17,2578,0,0,761,0/0,Nm,deg
1,5,1,0,0,0,0,0,0,2,0.55,391,0,1,1845,0/0,Nm,deg
7,0,0,0,0,0,0,0,0,1,0.53,3031,0,1,430,0/0,Nm,deg
7,0,0,0,0,0,0,0,0,4,0.02,1234,0,0,174,0/0,Nm,deg
7,5,4,0,0,0,0,0,0,1,1.29,398,0,0,1570,0/0,Nm,deg
7,5,0,0,0,0,0,0,0,4,2.7,3102,0,1,1246,0/0,Nm,deg
1,0,4,0,0,0,0,0,0,3,1.36,3332,0,0,1570,0/0,Nm,deg
5,5,0,0,0,0,0,0,0,0,3.16,2633,0,1,1829,0/0,Nm,deg
5,0,0,0,0,0,0,0,0,4,2.42,3556,0,0,375,0/0,Nm,deg
1,0,3,0,0,0,0,0,0,3,1.23,1486,0,0,886,0/0,Nm,deg
1,5,3,0,0,0,0,0,0,4,4.29,1326,0,0,202,0/0,Nm,deg
1,0,4,0,0,0,0,0,0,5,3.97,3181,0,1,9,0/0,Nm,deg
5,5,1,0,0,0,0,0,0,0,4.27,1872,0,0,544,0/0,Nm,deg
5,5,0,0,0,0,0,0,0,3,0.75,3735,0,0,122,0/0,Nm,deg
5,5,2,0,0,0,0,0,0,0,2.26,1488,0,1,1773,0/0,Nm,deg
7,0,2,0,0,0,0,0,0,0,3.09,4613,0,1,2048,0/0,Nm,deg
5,0,0,0,0,0,0,0,0,1,3.06,1707,0,0,1371,0/0,Nm,deg
1,0,2,0,0,0,0,0,0,4,4.92,2859,0,1,1961,0/0,Nm,deg
7,0,0,0,0,0,0,0,0,5,2.94,2853,0,1,118,0/0,Nm,deg
5,5,4,0,0,0,0,0,0,4,3.13,1307,0,0,795,0/0,Nm,deg
5,5,2,0,0,0,0,0,0,4,1.16,715,0,0,2056,0/0,Nm,deg
1,0,3,0,0,0,0,0,0,5,2.9,3337,0,0,2000,0/0,Nm,deg
7,5,3,0,0,0,0,0,0,0,1.33,4371,0,0,677,0/0,Nm,deg
7,5,0,0,0,0,0,0,0,4,3.16,3480,0,0,406,0/0,Nm,deg
5,0,2,0,0,0,0,0,0,0,4.29,407,0,1,2146,0/0,Nm,deg
1,0,1,0,0,0,0,0,0,5,4.05,3145,0,1,1616,0/0,Nm,deg
7,0,3,0,0,0,0,0,0,4,1.68,634,0,1,712,0/0,Nm,deg
7,0,4,0,0,0,0,0,0,0,0.45,2065,0,1,429,0/0,Nm,deg
5,5,4,0,0,0,0,0,0,5,3.2,4525,0,0,1926,0/0,Nm,deg
1,0,2,0,0,0,0,0,0,3,2.37,2202,0,1,866,0/0,Nm,deg
5,0,3,0,0,0,0,0,0,0,1.51,3287,0,0,1212,0/0,Nm,deg
5,0,2,0,0,0,0,0,0,1,4.17,2501,0,1,546,0/0,Nm,deg
5,5,1,0,0,0,0,0,0,5,3.78,492,0,1,1125,0/0,Nm,deg
1,5,4,0,0,0,0,0,0,4,0.8,2117,0,0,1516,0/0,Nm,deg
5,5,1,0,0,0,0,0,0,1,2.94,558,0,1,208,0/0,Nm,deg
5,5,4,0,0,0,0,0,0,0,4.11,4633,0,0,2106,0/0,Nm,deg
5,5,3,0,0,0,0,0,0,0,1.6,4925,0,1,1181,0/0,Nm,deg
7,5,4,0,0,0,0,0,0,5,3.21,810,0,0,12,0/0,Nm,deg
1,5,0,0,0,0,0,0,0,5,4.61,2826,0,1,687,0/0,Nm,deg
1,5,4,0,0,0,0,0,0,0,2.32,3638,0,0,778,0/0,Nm,deg
5,5,0,0,0,0,0,0,0,1,4.45,4277,0,0,1053,0/0,Nm,deg
7,0,3,0,0,0,0,0,0,1,0.51,359,0,0,1502,0/0,Nm,deg
7,5,0,0,0,0,0,0,0,2,1.35,4252,0,1,856,0/0,Nm,deg
7,5,3,0,0,0,0,0,0,2,0.81,200,0,1,254,0/0,Nm,deg
5,5,1,0,0,0,0,0,0,0,2.05,5068,0,0,1117,0/0,Nm,deg
7,0,3,0,0,0,0,0,0,1,1.84,2957,0,1,1777,0/0,Nm,deg
7,0,1,0,0,0,0,0,0,4,0.46,4274,0,0,887,0/0,Nm,deg
1,5,3,0,0,0,0,0,0,3,4.1,1711,0,1,355,0/0,Nm,deg
1,5,4,0,0,0,0,0,0,3,4.48,3441,0,1,612,0/0,Nm,deg
7,0,3,0,0,0,0,0,0,5,4.4,172,0,0,818,0/0,Nm,deg
7,5,2,0,0,0,0,0,0,3,3.19,2973,0,1,590,0/0,Nm,deg
1,5,0,0,0,0,0,0,0,2,2.03,4060,0,1,1106,0/0,Nm,deg
1,0,0,0,0,0,0,0,0,4,2.16,3738,0,0,1572,0/0,Nm,deg
7,5,2,0,0,0,0,0,0,1,2.96,3755,0,1,1608,0/0,Nm,deg
1,0,1,0,0,0,0,0,0,4,4.25,4947,0,1,775,0/0,Nm,deg
1,5,0,0,0,0,0,0,0,3,0.36,4389,0,1,2101,0/0,Nm,deg
5,0,0,0,0,0,0,0,0,5,4.77,2220,0,1,1538,0/0,Nm,deg
5,5,0,0,0,0,0,0,0,1,0.25,4486,0,0,698,0/0,Nm,deg
5,5,0,0,0,0,0,0,0,4,2.52,101,0,0,318,0/0,Nm,deg
7,0,4,0,0,0,0,0,0,3,2.13,677,0,0,1105,0/0,Nm,deg
5,0,4,0,0,0,0,0,0,4,1.07,548,0,1,989,0/0,Nm,deg
1,0,2,0,0,0,0,0,0,0,0.12,1828,0,1,1874,0/0,Nm,deg
5,0,3,0,0,0,0,0,0,0,3.94,4997,0,0,2067,0/0,Nm,deg
1,5,3,0,0,0,0,0,0,5,3.42,2775,0,1,1567,0/0,Nm,deg
5,5,4,0,0,0,0,0,0,2,3.49,2901,0,0,361,0/0,Nm,deg
7,0,2,0,0,0,0,0,0,5,4.07,4435,0,0,307,0/0,Nm,deg
7,5,4,0,0,0,0,0,0,1,4.59,2468,0,1,542,0/0,Nm,deg
1,5,2,0,0,0,0,0,0,3,1.45,2330,0,1,1703,0/0,Nm,deg
5,0,2,0,0,0,0,0,0,1,1.29,5097,0,0,1601,0/0,Nm,deg
7,5,0,0,0,0,0,0,0,0,1.17,2865,0,0,1667,0/0,Nm,deg
7,5,1,0,0,0,0,0,0,0,2.52,2199,0,0,1050,0/0,Nm,deg
1,0,4,0,0,0,0,0,0,4,3.79,5002,0,0,1009,0/0,Nm,deg
5,5,2,0,0,0,0,0,0,5,3.55,2892,0,1,760,0/0,Nm,deg
7,0,4,0,0,0,0,0,0,3,3.36,1173,0,1,1108,0/0,Nm,deg
5,0,4,0,0,0,0,0,0,0,2.03,3037,0,1,1007,0/0,Nm,deg
1,0,0,0,0,0,0,0,0,1,1.74,1566,0,1,843,0/0,Nm,deg
7,0,1,0,0,0,0,0,0,0,4.59,1547,0,1,1132,0/0,Nm,deg
5,0,2,0,0,0,0,0,0,0,4.11,3021,0,0,49,0/0,Nm,deg
7,5,2,0,0,0,0,0,0,0,4.28,3559,0,0,2005,0/0,Nm,deg
7,5,2,0,0,0,0,0,0,5,0.34,4413,0,1,1720,0/0,Nm,deg
1,5,1,0,0,0,0,0,0,2,2.3,4120,0,0,1930,0/0,Nm,deg
1,0,1,0,0,0,0,0,0,0,3.14,3176,0,0,577,0/0,Nm,deg
1,0,2,0,0,0,0,0,0,3,1.53,3544,0,1,563,0/0,Nm,deg
7,0,1,0,0,0,0,0,0,3,4.4,3747,0,1,255,0/0,Nm,deg
7,0,4,0,0,0,0,0,0,5,1.53,4213,0,0,319,0/0,Nm,deg
1,5,0,0,0,0,0,0,0,0,0.74,4607,0,1,1962,0/0,Nm,deg
7,5,2,0,0,0,0,0,0,3,4.53,3284,0,1,90,0/0,Nm,deg
1,0,3,0,0,0,0,0,0,1,1.21,1216,0,1,603,0/0,Nm,deg
5,5,0,0,0,0,0,0,0,3,1.66,1714,0,1,116,0/0,Nm,deg
1,0,3,0,0,0,0,0,0,5,0.03,3547,0,0,1242,0/0,Nm,deg
1,0,4,0,0,0,0,0,0,4,1.21,5177,0,1,571,0/0,Nm,deg
7,5,1,0,0,0,0,0,0,0,3.57,2829,0,1,135,0/0,Nm,deg
7,5,4,0,0,0,0,0,0,1,4.46,561,0,1,2072,0/0,Nm,deg
1,5,0,0,0,0,0,0,0,2,0.88,448,0,0,1477,0/0,Nm,deg
1,0,1,0,0,0,0,0,0,0,2.85,2485,0,0,1372,0/0,Nm,deg
1,0,2,0,0,0,0,0,0,3,3.39,4091,0,0,962,0/0,Nm,deg
1,0,0,0,0,0,0,0,0,4,4.66,417,0,0,2103,0/0,Nm,deg
7,5,1,0,0,0,0,0,0,4,3.95,5142,0,0,536,0/0,Nm,deg
1,5,4,0,0,0,0,0,0,5,4.03,79,0,0,1495,0/0,Nm,deg
5,0,3,0,0,0,0,0,0,0,0.89,2685,0,1,1496,0/0,Nm,deg
7,5,0,0,0,0,0,0,0,2,2.77,2787,0,0,413,0/0,Nm,deg
5,0,0,0,0,0,0,0,0,2,1.45,1306,0,0,787,0/0,Nm,deg
7,5,3,0,0,0,0,0,0,3,2.96,597,0,0,212,0/0,Nm,deg
7,5,2,0,0,0,0,0,0,1,2.24,1020,0,1,1307,0/0,Nm,deg
7,5,3,0,0,0,0,0,0,2,0.41,1606,0,0,1932,0/0,Nm,deg
5,0,3,0,0,0,0,0,0,5,1.77,1126,0,0,384,0/0,Nm,deg
7,5,4,0,0,0,0,0,0,0,2.46,2702,0,0,2081,0/0,Nm,deg
7,5,1,0,0,0,0,0,0,5,0.6,3790,0,0,1692,0/0,Nm,deg
7,5,3,0,0,0,0,0,0,2,1.68,2656,0,0,136,0/0,Nm,deg
1,0,3,0,0,0,0,0,0,5,1.97,1665,0,1,607,0/0,Nm,deg
1,5,4,0,0,0,0,0,0,0,2.43,3971,0,0,2000,0/0,Nm,deg
5,0,3,0,0,0,0,0,0,5,3.31,4138,0,0,2032,0/0,Nm,deg
7,5,1,0,0,0,0,0,0,1,0.81,1430,0,1,470,0/0,Nm,deg
5,5,0,0,0,0,0,0,0,0,1.6,2217,0,1,1713,0/0,Nm,deg
1,0,0,0,0,0,0,0,0,1,3.61,4233,0,0,984,0/0,Nm,deg
5,0,0,0,0,0,0,0,0,2,3.79,3062,0,0,19,0/0,Nm,deg
1,5,1,0,0,0,0,0,0,4,3.52,357,0,1,1239,0/0,Nm,deg
5,5,1,0,0,0,0,0,0,0,0.41,1789,0,0,1563,0/0,Nm,deg
7,5,2,0,0,0,0,0,0,5,1.11,2796,0,1,2022,0/0,Nm,deg
7,0,3,0,0,0,0,0,0,1,0.42,3726,0,0,142,0/0,Nm,deg
7,0,2,0,0,0,0,0,0,5,0.06,3021,0,1,1507,0/0,Nm,deg
7,0,2,0,0,0,0,0,0,1,3.53,3644,0,0,627,0/0,Nm,deg
1,0,0,0,0,0,0,0,0,1,0.0,4164,0,1,1538,0/0,Nm,deg
1,5,4,0,0,0,0,0,0,5,3.35,2449,0,0,1367,0/0,Nm,deg
1,5,1,0,0,0,0,0,0,3,3.21,2928,0,0,507,0/0,Nm,deg
1,0,3,0,0,0,0,0,0,5,4.16,909,0,0,784,0/0,Nm,deg
1,0,2,0,0,0,0,0,0,2,1.4,1872,0,1,1200,0/0,Nm,deg
7,0,3,0,0,0,0,0,0,1,2.56,1953,0,1,1132,0/0,Nm,deg
5,5,4,0,0,0,0,0,0,0,4.47,1431,0,0,2,0/0,Nm,deg
5,5,0,0,0,0,0,0,0,2,4.49,3467,0,0,903,0/0,Nm,deg
1,5,4,0,0,0,0,0,0,0,2.21,3519,0,1,1308,0/0,Nm,deg
1,5,2,0,0,0,0,0,0,2,4.63,100,0,1,1389,0/0,Nm,deg
5,5,0,0,0,0,0,0,0,3,4.5,980,0,1,1896,0/0,Nm,deg
7,5,1,0,0,0,0,0,0,5,2.47,5058,0,1,463,0/0,Nm,deg
1,0,3,0,0,0,0,0,0,3,0.37,2511,0,1,1475,0/0,Nm,deg
5,5,4,0,0,0,0,0,0,2,3.44,4344,0,1,1476,0/0,Nm,deg
7,5,3,0,0,0,0,0,0,2,4.36,4509,0,0,1066,0/0,Nm,deg
7,5,0,0,0,0,0,0,0,4,0.09,1353,0,1,2137,0/0,Nm,deg
5,0,2,0,0,0,0,0,0,3,4.24,4460,0,0,941,0/0,Nm,deg
7,0,3,0,0,0,0,0,0,5,4.21,2750,0,0,1928,0/0,Nm,deg
5,0,2,0,0,0,0,0,0,1,4.39,819,0,1,274,0/0,Nm,deg
5,5,1,0,0,0,0,0,0,5,0.77,1445,0,0,114,0/0,Nm,deg
1,0,3,0,0,0,0,0,0,2,2.67,2834,0,1,1618,0/0,Nm,deg
1,5,0,0,0,0,0,0,0,5,2.21,29,0,1,1441,0/0,Nm,deg
1,5,4,0,0,0,0,0,0,0,3.78,1500,0,0,1311,0/0,Nm,deg
7,0,3,0,0,0,0,0,0,5,2.64,242,0,0,1785,0/0,Nm,deg
5,0,4,0,0,0,0,0,0,4,4.57,4099,0,1,373,0/0,Nm,deg
1,0,4,0,0,0,0,0,0,1,4.04,2552,0,1,1533,0/0,Nm,deg
5,5,1,0,0,0,0,0,0,1,3.09,5196,0,1,1356,0/0,Nm,deg
5,0,4,0,0,0,0,0,0,5,0.32,893,0,1,844,0/0,Nm,deg
1,5,2,0,0,0,0,0,0,1,4.13,2979,0,1,543,0/0,Nm,deg
1,0,2,0,0,0,0,0,0,0,3.69,359,0,0,908,0/0,Nm,deg
7,0,3,0,0,0,0,0,0,4,0.36,1600,0,1,1184,0/0,Nm,deg
5,0,0,0,0,0,0,0,0,3,0.81,261,0,1,2050,0/0,Nm,deg
7,0,2,0,0,0,0,0,0,0,4.74,3953,0,1,81,0/0,Nm,deg
7,0,3,0,0,0,0,0,0,1,1.73,682,0,1,852,0/0,Nm,deg
5,0,0,0,0,0,0,0,0,4,4.36,1491,0,0,769,0/0,Nm,deg
5,0,1,0,0,0,0,0,0,2,3.85,4411,0,0,610,0/0,Nm,deg
1,5,1,0,0,0,0,0,0,0,2.32,3760,0,1,182,0/0,Nm,deg
7,5,0,0,0,0,0,0,0,5,1.71,740,0,0,966,0/0,Nm,deg
7,5,2,0,0,0,0,0,0,1,0.04,2867,0,0,792,0/0,Nm,deg
5,0,1,0,0,0,0,0,0,5,2.96,3415,0,0,1665,0/0,Nm,deg
1,0,1,0,0,0,0,0,0,2,3.13,2018,0,1,837,0/0,Nm,deg
5,5,3,0,0,0,0,0,0,0,3.59,24,0,1,485,0/0,Nm,deg
5,0,0,0,0,0,0,0,0,5,0.75,1084,0,0,154,0/0,Nm,deg
1,5,1,0,0,0,0,0,0,0,3.39,1235,0,0,1336,0/0,Nm,deg
5,0,3,0,0,0,0,0,0,0,3.7,5160,0,1,1069,0/0,Nm,deg
1,5,1,0,0,0,0,0,0,5,0.59,2207,0,1,1014,0/0,Nm,deg
5,0,3,0,0,0,0,0,0,3,0.54,4837,0,1,1960,0/0,Nm,deg
7,5,1,0,0,0,0,0,0,2,4.39,3968,0,1,1055,0/0,Nm,deg
5,5,4,0,0,0,0,0,0,2,4.47,419,0,0,645,0/0,Nm,deg
1,0,4,0,0,0,0,0,0,3,2.67,3688,0,0,1687,0/0,Nm,deg
5,5,3,0,0,0,0,0,0,4,4.47,4360,0,0,2010,0/0,Nm,deg
1,5,2,0,0,0,0,0,0,2,3.42,2898,0,1,526,0/0,Nm,deg
1,0,1,0,0,0,0,0,0,5,1.89,2206,0,1,1881,0/0,Nm,deg
5,5,2,0,0,0,0,0,0,3,1.26,3659,0,1,2035,0/0,Nm,deg
1,5,0,0,0,0,0,0,0,4,3.69,641,0,0,1378,0/0,Nm,deg
1,0,0,0,0,0,0,0,0,0,2.54,3582,0,0,1000,0/0,Nm,deg
1,5,1,0,0,0,0,0,0,0,0.95,972,0,0,420,0/0,Nm,deg
5,0,3,0,0,0,0,0,0,1,4.32,3342,0,0,86,0/0,Nm,deg
5,0,3,0,0,0,0,0,0,5,1.72,1476,0,0,1897,0/0,Nm,deg
1,5,0,0,0,0,0,0,0,2,4.33,4283,0,0,1519,0/0,Nm,deg
1,0,0,0,0,0,0,0,0,0,1.37,3236,0,1,511,0/0,Nm,deg
5,0,2,0,0,0,0,0,0,4,3.13,640,0,1,1755,0/0,Nm,deg
5,5,4,0,0,0,0,0,0,1,4.88,62,0,0,1902,0/0,Nm,deg
5,0,0,0,0,0,0,0,0,3,0.28,4988,0,0,29,0/0,Nm,deg
5,0,1,0,0,0,0,0,0,3,3.88,607,0,0,797,0/0,Nm,deg
1,5,0,0,0,0,0,0,0,5,4.22,4548,0,0,978,0/0,Nm,deg
7,5,4,0,0,0,0,0,0,4,2.35,2362,0,1,1263,0/0,Nm,deg
1,0,4,0,0,0,0,0,0,5,1.7,624,0,1,1782,0/0,Nm,deg
5,5,0,0,0,0,0,0,0,1,1.01,4586,0,0,292,0/0,Nm,deg
7,0,0,0,0,0,0,0,0,5,1.65,845,0,1,1816,0/0,Nm,deg
5,5,3,0,0,0,0,0,0,5,0.6,2626,0,0,2124,0/0,Nm,deg
5,5,3,0,0,0,0,0,0,5,2.5,2622,0,0,995,0/0,Nm,deg
5,5,4,0,0,0,0,0,0,3,0.13,1112,0,0,960,0/0,Nm,deg
7,0,3,0,0,0,0,0,0,2,4.29,4712,0,1,862,0/0,Nm,deg
5,0,0,0,0,0,0,0,0,3,3.72,2005,0,1,320,0/0,Nm,deg
7,0,2,0,0,0,0,0,0,1,0.92,3289,0,1,905,0/0,Nm,deg
1,0,3,0,0,0,0,0,0,0,3.01,1609,0,0,998,0/0,Nm,deg
1,5,4,0,0,0,0,0,0,1,2.78,530,0,1,1194,0/0,Nm,deg
5,5,2,0,0,0,0,0,0,4,1.91,1349,0,0,1206,0/0,Nm,deg
5,0,0,0,0,0,0,0,0,4,1.09,2020,0,0,908,0/0,Nm,deg
1,5,2,0,0,0,0,0,0,0,3.25,3529,0,1,1708,0/0,Nm,deg
7,5,2,0,0,0,0,0,0,3,4.79,1794,0,1,1135,0/0,Nm,deg
1,0,0,0,0,0,0,0,0,2,1.2,1869,0,1,240,0/0,Nm,deg
7,0,0,0,0,0,0,0,0,5,4.4,2386,0,1,242,0/0,Nm,deg
7,0,2,0,0,0,0,0,0,3,3.49,704,0,1,927,0/0,Nm,deg
1,5,3,0,0,0,0,0,0,2,3.12,1892,0,0,1466,0/0,Nm,deg
5,0,3,0,0,0,0,0,0,5,0.68,454,0,0,1281,0/0,Nm,deg
1,0,1,0,0,0,0,0,0,5,3.46,1412,0,1,977,0/0,Nm,deg
1,5,0,0,0,0,0,0,0,0,2.11,931,0,1,1852,0/0,Nm,deg
7,5,1,0,0,0,0,0,0,4,4.25,2066,0,1,71,0/0,Nm,deg
7,0,4,0,0,0,0,0,0,2,3.99,4137,0,0,103,0/0,Nm,deg
7,0,1,0,0,0,0,0,0,5,1.93,5201,0,0,1713,0/0,Nm,deg
5,0,1,0,0,0,0,0,0,3,4.45,1773,0,1,1138,0/0,Nm,deg
7,5,1,0,0,0,0,0,0,4,1.34,4249,0,0,1647,0/0,Nm,deg
1,0,3,0,0,0,0,0,0,3,2.59,1131,0,1,820,0/0,Nm,deg
7,5,2,0,0,0,0,0,0,0,4.95,5213,0,1,860,0/0,Nm,deg
1,0,3,0,0,0,0,0,0,5,1.32,3339,0,1,954,0/0,Nm,deg
5,5,3,0,0,0,0,0,0,5,0.97,1471,0,1,1384,0/0,Nm,deg
1,5,2,0,0,0,0,0,0,1,4.18,1217,0,0,217,0/0,Nm,deg
5,5,1,0,0,0,0,0,0,5,0.65,2745,0,0,1602,0/0,Nm,deg
1,5,3,0,0,0,0,0,0,5,2.63,4383,0,1,489,0/0,Nm,deg
1,5,3,0,0,0,0,0,0,3,2.83,2544,0,0,1457,0/0,Nm,deg
1,5,1,0,0,0,0,0,0,1,1.52,1704,0,0,835,0/0,Nm,deg
5,0,1,0,0,0,0,0,0,2,0.39,400,0,0,1212,0/0,Nm,deg
5,5,2,0,0,0,0,0,0,1,4.26,3169,0,1,767,0/0,Nm,deg
7,5,3,0,0,0,0,0,0,0,0.88,2809,0,1,1628,0/0,Nm,deg
5,0,1,0,0,0,0,0,0,4,0.63,3092,0,0,1183,0/0,Nm,deg
1,5,2,0,0,0,0,0,0,2,3.78,1685,0,0,1822,0/0,Nm,deg
1,0,4,0,0,0,0,0,0,3,0.6,3182,0,0,1169,0/0,Nm,deg
5,5,3,0,0,0,0,0,0,3,2.55,100,0,1,1469,0/0,Nm,deg
7,0,0,0,0,0,0,0,0,4,3.49,3798,0,1,1521,0/0,Nm,deg
1,5,1,0,0,0,0,0,0,3,3.46,3117,0,0,1890,0/0,Nm,deg
5,5,0,0,0,0,0,0,0,4,3.37,2668,0,0,1966,0/0,Nm,deg
1,5,4,0,0,0,0,0,0,3,4.3,3105,0,0,1461,0/0,Nm,deg
1,0,4,0,0,0,0,0,0,1,3.98,4776,0,0,1404,0/0,Nm,deg
7,0,2,0,0,0,0,0,0,0,0.84,985,0,1,1981,0/0,Nm,deg
1,5,2,0,0,0,0,0,0,1,2.47,4152,0,0,1593,0/0,Nm,deg
5,5,3,0,0,0,0,0,0,4,0.06,620,0,1,1759,0/0,Nm,deg
7,5,3,0,0,0,0,0,0,3,1.08,548,0,1,237,0/0,Nm,deg
1,0,0,0,0,0,0,0,0,1,4.3,931,0,1,154,0/0,Nm,deg
5,5,1,0,0,0,0,0,0,4,1.28,1930,0,0,1417,0/0,Nm,deg
7,5,3,0,0,0,0,0,0,1,5.0,1345,0,1,607,0/0,Nm,deg
7,0,1,0,0,0,0,0,0,5,1.43,4290,0,0,632,0/0,Nm,deg
1,0,4,0,0,0,0,0,0,2,4.14,3355,0,0,651,0/0,Nm,deg
5,5,4,0,0,0,0,0,0,5,1.87,3180,0,1,1238,0/0,Nm,deg
1,0,2,0,0,0,0,0,0,2,1.19,1800,0,1,992,0/0,Nm,deg
1,5,2,0,0,0,0,0,0,0,1.86,3819,0,0,1385,0/0,Nm,deg
1,5,4,0,0,0,0,0,0,3,1.27,2810,0,0,1276,0/0,Nm,deg
5,0,0,0,0,0,0,0,0,5,4.06,2693,0,1,181,0/0,Nm,deg
7,5,4,0,0,0,0,0,0,2,0.67,2725,0,0,823,0/0,Nm,deg
7,5,3,0,0,0,0,0,0,1,1.17,1989,0,1,1606,0/0,Nm,deg
1,0,4,0,0,0,0,0,0,4,3.56,2317,0,0,1803,0/0,Nm,deg
7,0,4,0,0,0,0,0,0,0,0.89,4105,0,1,417,0/0,Nm,deg
5,5,4,0,0,0,0,0,0,1,1.81,2643,0,0,82,0/0,Nm,deg
7,5,1,0,0,0,0,0,0,2,0.66,1441,0,0,359,0/0,Nm,deg
7,5,0,0,0,0,0,0,0,5,1.62,3677,0,1,23,0/0,Nm,deg
5,5,3,0,0,0,0,0,0,5,0.45,4561,0,0,91,0/0,Nm,deg
1,5,1,0,0,0,0,0,0,0,3.58,5191,0,1,1214,0/0,Nm,deg
7,0,2,0,0,0,0,0,0,2,5.0,3343,0,0,248,0/0,Nm,deg
7,5,4,0,0,0,0,0,0,3,0.8,15,0,1,164,0/0,Nm,deg
7,0,3,0,0,0,0,0,0,3,3.57,4566,0,1,560,0/0,Nm,deg
5,0,1,0,0,0,0,0,0,3,3.33,4800,0,1,711,0/0,Nm,deg
1,0,0,0,0,0,0,0,0,2,3.65,2314,0,1,726,0/0,Nm,deg
1,0,1,0,0,0,0,0,0,0,2.29,1881,0,1,847,0/0,Nm,deg
1,5,2,0,0,0,0,0,0,4,3.11,2124,0,1,815,0/0,Nm,deg
5,0,1,0,0,0,0,0,0,5,3.62,5226,0,1,1240,0/0,Nm,deg
1,5,4,0,0,0,0,0,0,4,2.87,684,0,1,2,0/0,Nm,deg
5,5,4,0,0,0,0,0,0,2,4.5,3721,0,1,980,0/0,Nm,deg
5,0,1,0,0,0,0,0,0,2,4.58,107,0,1,988,0/0,Nm,deg
5,0,1,0,0,0,0,0,0,4,3.0,300,0,0,1375,0/0,Nm,deg
1,5,3,0,0,0,0,0,0,5,2.36,489,0,1,2016,0/0,Nm,deg
7,0,0,0,0,0,0,0,0,0,2.75,3057,0,0,2113,0/0,Nm,deg
7,5,0,0,0,0,0,0,0,3,1.79,3419,0,0,1817,0/0,Nm,deg
5,0,2,0,0,0,0,0,0,3,3.45,4373,0,0,1391,0/0,Nm,deg
5,0,2,0,0,0,0,0,0,5,0.58,3531,0,1,1074,0/0,Nm,deg
7,5,1,0,0,0,0,0,0,3,4.15,282,0,1,213,0/0,Nm,deg
1,0,4,0,0,0,0,0,0,5,0.32,4812,0,1,681,0/0,Nm,deg
1,0,4,0,0,0,0,0,0,2,2.04,4465,0,0,1634,0/0,Nm,deg
1,0,0,0,0,0,0,0,0,5,4.36,4228,0,0,163,0/0,Nm,deg
5,0,0,0,0,0,0,0,0,1,1.15,392,0,0,492,0/0,Nm,deg
5,5,1,0,0,0,0,0,0,4,4.48,2953,0,0,1650,0/0,Nm,deg
1,0,0,0,0,0,0,0,0,1,3.52,1444,0,0,1097,0/0,Nm,deg
1,5,4,0,0,0,0,0,0,0,3.69,3098,0,1,781,0/0,Nm,deg
1,0,2,0,0,0,0,0,0,1,4.56,1830,0,1,1584,0/0,Nm,deg
5,5,4,0,0,0,0,0,0,5,4.12,449,0,1,2043,0/0,Nm,deg
5,0,0,0,0,0,0,0,0,4,0.67,668,0,0,490,0/0,Nm,deg
1,0,2,0,0,0,0,0,0,0,0.13,4664,0,1,1418,0/0,Nm,deg
7,5,4,0,0,0,0,0,0,5,1.89,1326,0,0,1839,0/0,Nm,deg
5,5,4,0,0,0,0,0,0,4,0.03,574,0,0,483,0/0,Nm,deg
1,5,0,0,0,0,0,0,0,3,3.68,4868,0,0,613,0/0,Nm,deg
1,0,0,0,0,0,0,0,0,0,2.46,842,0,0,637,0/0,Nm,deg
7,0,2,0,0,0,0,0,0,4,0.12,2356,0,0,1118,0/0,Nm,deg
7,0,4,0,0,0,0,0,0,4,4.65,3576,0,0,1724,0/0,Nm,deg
1,0,4,0,0,0,0,0,0,0,0.5,1738,0,1,1556,0/0,Nm,deg
1,5,0,0,0,0,0,0,0,3,3.37,356,0,0,1100,0/0,Nm,deg
1,5,2,0,0,0,0,0,0,1,1.9,1273,0,0,917,0/0,Nm,deg
1,5,1,0,0,0,0,0,0,4,0.87,2278,0,0,1946,0/0,Nm,deg
1,0,0,0,0,0,0,0,0,4,2.66,1583,0,0,1915,0/0,Nm,deg
1,0,0,0,0,0,0,0,0,5,0.71,4452,0,1,1982,0/0,Nm,deg
5,0,1,0,0,0,0,0,0,4,0.33,799,0,1,607,0/0,Nm,deg
7,5,1,0,0,0,0,0,0,0,2.98,2177,0,0,1168,0/0,Nm,deg
5,5,2,0,0,0,0,0,0,1,1.9,1375,0,0,694,0/0,Nm,deg
5,0,2,0,0,0,0,0,0,2,3.56,3295,0,0,712,0/0,Nm,deg
5,5,2,0,0,0,0,0,0,5,2.69,2193,0,1,1016,0/0,Nm,deg
1,0,0,0,0,0,0,0,0,4,3.31,3975,0,0,2065,0/0,Nm,deg
1,5,4,0,0,0,0,0,0,0,4.69,1701,0,0,87,0/0,Nm,deg
7,5,2,0,0,0,0,0,0,4,2.21,4700,0,1,804,0/0,Nm,deg
5,0,3,0,0,0,0,0,0,0,3.21,3814,0,1,333,0/0,Nm,deg
1,0,3,0,0,0,0,0,0,5,2.92,3678,0,0,1385,0/0,Nm,deg
5,5,1,0,0,0,0,0,0,4,1.26,1556,0,1,84,0/0,Nm,deg
5,0,2,0,0,0,0,0,0,2,3.52,4279,0,0,273,0/0,Nm,deg
1,0,3,0,0,0,0,0,0,3,2.56,2466,0,0,251,0/0,Nm,deg
5,5,0,0,0,0,0,0,0,4,0.14,4572,0,0,1706,0/0,Nm,deg
7,0,2,0,0,0,0,0,0,3,1.42,4021,0,0,1689,0/0,Nm,deg
5,0,4,0,0,0,0,0,0,0,0.68,2558,0,0,321,0/0,Nm,deg
5,0,1,0,0,0,0,0,0,1,2.21,275,0,1,387,0/0,Nm,deg
5,5,4,0,0,0,0,0,0,5,0.26,4746,0,0,410,0/0,Nm,deg
5,5,3,0,0,0,0,0,0,3,2.67,1134,0,1,131,0/0,Nm,deg
1,0,3,0,0,0,0,0,0,4,2.65,2164,0,1,1953,0/0,Nm,deg
1,5,1,0,0,0,0,0,0,4,4.09,1749,0,0,428,0/0,Nm,deg
7,0,0,0,0,0,0,0,0,0,1.49,3209,0,0,130,0/0,Nm,deg
7,5,4,0,0,0,0,0,0,0,1.08,860,0,0,1615,0/0,Nm,deg
7,5,0,0,0,0,0,0,0,2,4.4,1377,0,0,583,0/0,Nm,deg
5,5,1,0,0,0,0,0,0,1,1.46,3418,0,0,1352,0/0,Nm,deg
5,0,3,0,0,0,0,0,0,2,3.73,4816,0,1,737,0/0,Nm,deg
1,0,2,0,0,0,0,0,0,3,4.62,822,0,0,480,0/0,Nm,deg
5,5,0,0,0,0,0,0,0,2,3.26,1858,0,0,1516,0/0,Nm,deg
1,5,0,0,0,0,0,0,0,1,3.58,4421,0,1,958,0/0,Nm,deg
7,5,2,0,0,0,0,0,0,0,2.31,3752,0,0,257,0/0,Nm,deg
5,5,4,0,0,0,0,0,0,3,4.45,1808,0,0,1268,0/0,Nm,deg
5,5,1,0,0,0,0,0,0,4,0.82,3133,0,1,1990,0/0,Nm,deg
5,0,2,0,0,0,0,0,0,3,2.84,361,0,1,1199,0/0,Nm,deg
5,5,4,0,0,0,0,0,0,3,3.65,4175,0,1,1520,0/0,Nm,deg
1,5,1,0,0,0,0,0,0,5,2.46,143,0,1,1320,0/0,Nm,deg
1,5,1,0,0,0,0,0,0,5,2.41,2365,0,0,45,0/0,Nm,deg
7,5,4,0,0,0,0,0,0,2,0.23,719,0,1,161,0/0,Nm,deg
1,5,1,0,0,0,0,0,0,0,1.69,3027,0,1,903,0/0,Nm,deg
1,5,4,0,0,0,0,0,0,2,2.15,5098,0,0,464,0/0,Nm,deg
1,0,3,0,0,0,0,0,0,1,2.25,2407,0,1,436,0/0,Nm,deg
7,5,0,0,0,0,0,0,0,3,3.66,527,0,0,1214,0/0,Nm,deg
1,0,3,0,0,0,0,0,0,2,3.9,1181,0,0,64,0/0,Nm,deg
5,5,1,0,0,0,0,0,0,2,2.45,3565,0,0,618,0/0,Nm,deg
1,0,1,0,0,0,0,0,0,3,2.21,3689,0,1,1887,0/0,Nm,deg
5,0,0,0,0,0,0,0,0,1,4.99,766,0,1,361,0/0,Nm,deg
1,5,2,0,0,0,0,0,0,2,1.89,3049,0,0,1556,0/0,Nm,deg
5,0,3,0,0,0,0,0,0,1,1.72,1497,0,1,679,0/0,Nm,deg
7,0,1,0,0,0,0,0,0,0,4.46,1430,0,0,124,0/0,Nm,deg
7,0,1,0,0,0,0,0,0,5,4.27,908,0,0,126,0/0,Nm,deg
7,0,2,0,0,0,0,0,0,0,0.85,2429,0,0,1529,0/0,Nm,deg
1,0,1,0,0,0,0,0,0,2,0.3,4101,0,0,889,0/0,Nm,deg
5,5,3,0,0,0,0,0,0,5,1.2,2634,0,0,803,0/0,Nm,deg
1,5,1,0,0,0,0,0,0,5,1.55,5094,0,1,1231,0/0,Nm,deg
7,5,0,0,0,0,0,0,0,4,3.26,2807,0,1,444,0/0,Nm,deg
7,5,0,0,0,0,0,0,0,5,2.64,566,0,1,584,0/0,Nm,deg
7,0,0,0,0,0,0,0,0,5,0.34,892,0,1,1480,0/0,Nm,deg
